PLAYER,GP,G,A,PTS,PPG,GWG,SHG,ENG,SHOT ATTEMPTS,SHOT ON NET,FACEOFF WINS,TOTAL FACEOFF,BLOCKS,PLSMNS,Opponent Score
Michael Hagens,37,1,7,8,0,0,0,0,50,23,0,1,12,5,65
Eamon Powell,32,4,16,20,0,1,0,0,91,43,0,0,28,20,60
Gentry Shamburger,21,1,0,1,0,1,0,0,15,11,0,0,2,1,35
Aidan Hreschuk,33,2,7,9,0,0,0,0,75,36,1,3,19,9,56
Mike Posma,37,4,5,9,1,0,0,0,98,59,211,402,15,4,65
Connor Joyce,35,3,2,5,0,0,0,0,57,35,66,119,11,4,63
Brady Berard,35,4,1,5,0,0,1,1,103,61,52,101,16,-4,63
Lukas Gustafsson,35,2,13,15,1,0,0,0,125,48,0,0,51,16,60
Oskar Jellvik,23,4,9,13,0,0,0,1,76,39,24,70,15,6,40
Andre Gasseau,36,15,15,30,2,3,0,3,145,87,206,409,21,23,64
Ryan Leonard,37,30,19,49,4,9,1,7,325,191,108,246,62,30,65
Jacob Fowler,35,0,2,2,0,0,0,0,0,0,0,0,0,0,63
Drew Fortescue,36,0,11,11,0,0,0,0,90,38,0,0,33,28,60
Aram Minnetian,35,2,13,15,0,1,0,0,96,43,0,0,22,20,63
Will Vote,36,8,5,13,1,2,1,0,62,46,5,24,7,6,62
Gabe Perreault,37,16,32,48,5,2,1,1,186,119,20,40,29,28,65
Teddy Stiga,36,14,16,30,2,2,3,2,160,91,64,118,27,12,64
James Hagens,37,11,26,37,2,4,0,0,161,99,185,404,29,21,65
Jake Sondreal,36,2,4,6,0,2,0,0,62,37,25,52,4,6,65
Will Skahan,30,2,5,7,0,0,0,0,64,33,0,0,18,6,50
Dean Letourneau,36,0,3,3,0,0,0,0,57,34,67,168,10,6,63
Nolan Joyce,17,0,0,0,0,0,0,0,21,12,0,0,4,2,33
Will Traeger,4,0,0,0,0,0,0,0,1,0,0,0,0,-1,5
Jan Korec,3,0,0,0,0,0,0,0,0,0,0,0,0,0,7
Brehdan Engum,30,0,2,2,0,0,0,0,48,21,0,0,19,7,92
Tristan Amonte,38,4,2,6,0,0,0,1,31,15,5,11,10,-2,112
Jack Hughes,40,7,18,25,2,1,1,0,132,68,145,304,36,9,119
Matt Copponi,40,6,18,24,0,0,1,0,140,79,140,321,22,15,119
Mathieu Caron,21,0,3,3,0,0,0,0,0,0,0,0,0,0,74
Devin Kaplan,38,10,8,18,2,0,2,0,87,48,2,6,17,-8,109
Quinn Hutson,38,23,27,50,7,3,0,1,231,148,2,5,40,17,114
Ryan Greene,40,13,25,38,4,2,0,1,146,88,353,682,26,6,119
Gavin McCarthy,39,3,13,16,0,1,1,1,94,49,0,0,24,3,117
Tom Willander,39,2,22,24,1,1,0,0,108,47,0,0,24,19,112
Jack Harvey,40,11,16,27,0,2,0,1,139,89,4,8,25,12,119
Mick Frechette,26,0,0,0,0,0,0,0,14,9,0,0,3,1,84
Shane Lachance,40,12,18,30,7,3,0,1,178,125,108,207,23,0,119
Aiden Celebrini,31,2,6,8,0,1,0,0,48,23,0,1,17,8,97
Brandon Svoboda,33,7,2,9,0,0,0,0,58,41,138,277,5,-9,91
Kamil Bednarik,40,2,17,19,0,0,1,0,73,46,269,548,14,1,119
Cole Eiserman,39,25,11,36,10,5,0,0,209,107,0,1,50,7,112
Cole Hutson,39,14,34,48,5,4,1,1,224,117,0,0,53,5,112
Alex Zetterberg,26,5,3,8,1,1,0,0,37,16,0,1,11,0,76
Sascha Boumedienne,40,3,10,13,0,0,0,0,93,33,0,0,36,8,119
Jack Page,23,0,2,2,0,0,0,0,16,6,0,0,8,-2,65
Nick Roukounakis,21,0,5,5,0,0,0,0,26,14,2,3,4,-1,61
Mikhail Yegorov,18,0,1,1,0,0,0,0,0,0,0,0,0,0,44
Doug Grimes,15,1,0,1,0,0,0,0,16,12,1,3,1,-4,54
Billy Girard IV,1,0,0,0,0,0,0,0,0,0,0,0,0,0,2
Kaelan Taylor,38,1,6,7,0,0,0,0,93,31,0,0,34,15,84
Ayrton Martino,39,25,26,51,3,8,0,3,143,83,2,6,22,11,87
Garrett Dahm,38,6,8,14,0,1,3,2,63,34,212,468,10,0,85
Ryan Richardson,38,11,19,30,4,2,0,2,149,86,38,94,20,15,84
Ryan Bottrill,39,8,11,19,2,2,0,0,129,56,117,271,37,5,87
Trey Taylor,39,9,20,29,4,0,0,1,223,105,0,1,41,2,87
Tristan Sarsland,39,8,15,23,1,2,1,0,220,96,0,1,63,14,87
Erik Bargholtz,39,6,7,13,1,1,1,1,99,49,7,16,20,-2,87
Ellis Rickwood,39,10,25,35,6,0,0,0,137,81,430,748,28,16,87
Ryan Taylor,31,3,7,10,3,1,0,0,123,52,6,10,27,-9,67
Carter Rose,25,0,2,2,0,0,0,0,41,20,0,1,10,3,56
Talon Sigurdson,39,10,8,18,0,1,0,1,138,66,20,60,20,11,87
Marcus BrÃ¤nnman,5,0,0,0,0,0,0,0,0,0,0,0,0,0,11
Shawn O'Donnell,39,1,3,4,0,0,0,1,46,20,6,18,10,-3,87
Luka Sukovic,36,7,9,16,1,3,1,2,84,51,119,246,14,7,81
Jared Mangan,38,6,5,11,4,2,0,0,129,69,74,134,29,0,83
Tate Taylor,33,3,13,16,0,0,0,0,111,51,0,0,26,5,75
Luke Pakulak,30,2,5,7,0,0,0,0,33,14,71,166,9,-3,68
Ty Brassington,38,2,5,7,0,0,0,1,85,45,0,0,14,5,84
Jack Sparks,38,1,4,5,0,1,0,0,98,26,0,0,43,1,85
Ethan Langenegger,36,0,1,1,0,0,0,0,1,1,0,0,0,0,81
Oliver Moberg,13,0,0,0,0,0,0,0,19,8,41,100,4,0,27
Ray Fust,19,2,2,4,0,0,0,0,42,17,0,1,8,-3,47
George Grannis,2,0,0,0,0,0,0,0,2,1,0,0,0,1,5
Caden Lewandowski,2,0,0,0,0,0,0,0,1,0,0,0,1,-1,6
Brady Egan,9,0,2,2,0,0,0,0,15,6,0,3,6,2,17
Brady Parker,1,0,0,0,0,0,0,0,0,0,0,0,0,0,4
Reid Irwin,32,6,11,17,2,0,0,0,114,54,0,0,46,0,98
Tommy Bergsland,36,4,19,23,1,1,1,1,123,51,0,0,37,9,116
Nic Belpedio,29,3,6,9,0,0,0,0,69,27,0,0,27,-10,97
Ben Raymond,36,9,9,18,0,2,2,0,107,60,3,8,17,-2,116
Alex DiPaolo,32,11,15,26,5,1,0,1,128,73,123,215,32,-9,104
Brett Chorske,36,15,19,34,2,2,0,0,126,85,318,593,19,-4,116
Andrew Takacs,32,0,1,1,0,0,0,0,1,1,0,0,0,0,101
Owen Neuharth,29,3,6,9,0,1,0,1,34,18,35,99,11,3,88
Robby Newton,25,3,6,9,0,0,1,0,36,29,56,155,5,7,80
Niko Rexine,33,5,10,15,0,2,0,1,55,39,160,371,8,6,107
Jake Schneider,36,4,9,13,0,1,1,0,108,71,16,50,18,10,116
Antonio Fernandez,31,5,9,14,0,0,0,0,96,37,0,0,31,-5,111
Jacob Napier,26,2,2,4,0,0,0,0,43,22,0,0,13,-3,76
Ryan Sullivan,57,11,14,25,4,1,0,0,150,85,333,676,33,-10,225
Michael Neumeier,35,8,12,20,1,2,0,0,141,67,0,0,32,10,112
Simone DadiÃ¨,30,5,2,7,0,1,0,0,46,30,2,5,9,-2,91
Max Nagel,36,6,18,24,1,0,0,1,130,78,2,4,22,-4,116
Jack Brandt,30,2,5,7,0,1,0,0,37,27,7,13,6,-4,97
Ryan Spinale,34,4,2,6,2,0,0,0,52,31,5,17,8,-14,110
Brett Merner,35,3,6,9,0,0,0,0,51,25,0,2,14,8,112
Daniel Panetta,25,10,3,13,2,3,0,1,129,71,143,297,27,10,83
Bobby Metz,9,0,1,1,0,0,0,0,9,5,0,1,4,1,24
Dominic Foglia,15,0,1,1,0,0,0,0,20,9,0,0,7,5,42
Simon Labelle,25,1,11,12,0,0,0,0,76,45,0,0,13,1,92
Nick Haas,7,0,0,0,0,0,0,0,0,0,0,0,0,0,32
Hank Kempf,36,2,5,7,0,0,0,0,76,31,0,0,24,4,82
Sullivan Mack,32,9,15,24,2,2,0,2,120,67,6,14,24,13,73
Ondrej Psenicka,30,9,13,22,3,1,0,0,91,56,15,28,18,9,68
Ian Shane,34,0,1,1,0,0,0,0,0,0,0,0,0,0,80
Tim Rego,36,8,16,24,1,2,0,0,127,53,1,2,29,15,82
Kyle Penney,25,6,1,7,0,0,1,1,80,45,20,45,16,8,51
Kyler Kovich,36,5,9,14,0,1,1,0,76,45,119,229,12,13,82
Jack O'Leary,34,8,9,17,0,3,0,0,75,44,7,14,20,5,80
Michael Suda,36,0,11,11,0,0,0,0,104,38,0,0,39,12,82
Dalton Bancroft,36,15,12,27,3,4,2,0,224,102,7,16,61,11,82
Nick DeSantis,33,8,6,14,1,1,0,1,82,45,5,7,15,11,79
Jack O'Brien,29,0,3,3,0,0,0,0,26,15,0,0,4,4,69
Hoyt Stanley,35,2,11,13,0,0,0,0,82,33,0,0,26,14,80
Jake Kraft,36,7,6,13,0,1,0,0,89,56,3,12,18,5,82
Tyler Catalano,36,2,4,6,0,1,0,0,38,26,107,213,6,0,82
Ben Robertson,36,2,13,15,1,0,0,0,115,54,0,0,29,11,82
Jonathan Castagna,32,5,10,15,1,0,0,1,112,61,290,494,18,2,75
Ryan Walsh,36,17,14,31,3,2,0,2,155,96,419,749,27,14,82
Charlie Major,28,5,13,18,1,1,0,0,110,60,104,204,24,7,60
Nicholas Wolfenberg,13,1,1,2,0,0,0,0,11,8,0,0,0,2,32
Jimmy Rayhill,6,0,1,1,0,0,0,0,3,3,0,1,0,0,10
George Fegaras,30,1,13,14,0,0,0,0,116,50,0,0,39,1,69
Sean Donaldson,16,0,0,0,0,0,0,0,30,15,0,1,4,-7,34
John Fusco,32,11,10,21,2,6,0,1,196,85,0,0,64,15,83
Sean Chisholm,33,15,12,27,4,3,0,1,133,82,300,584,22,4,84
Braiden Dorfman,31,7,9,16,1,0,0,0,89,48,7,10,26,9,80
Trym Lokkeberg,22,0,3,3,0,0,0,0,4,3,63,124,1,2,55
Ian Pierce,24,1,8,9,0,0,0,0,76,25,0,0,31,7,65
Steven Townley,33,4,4,8,0,1,0,0,46,28,272,520,9,11,84
Cam MacDonald,33,6,10,16,0,1,1,1,65,40,1,4,10,1,84
Cooper Flinton,32,11,13,24,4,1,2,2,97,55,2,13,19,5,82
Luke Haymes,22,12,6,18,1,2,0,0,90,60,243,385,21,-1,56
Alex Krause,31,4,8,12,0,0,0,0,48,37,3,5,3,13,77
Emmett Croteau,18,0,0,0,0,0,0,0,0,0,0,0,0,0,38
Eric Charpentier,33,3,8,11,0,0,0,1,112,37,0,0,42,14,84
CJ Foley,33,11,19,30,1,1,1,2,146,65,0,0,55,16,84
Matt Fusco,32,1,6,7,1,0,0,0,81,39,0,0,29,-3,81
Nikita Nikora,33,4,26,30,1,0,0,0,97,50,7,14,23,-8,84
Colin Grable,19,0,1,1,0,0,0,0,23,10,0,0,9,1,51
Hayden Stavroff,31,10,12,22,2,3,0,0,121,66,1,3,26,3,77
Tim Busconi,21,0,0,0,0,0,0,0,24,9,0,0,9,1,54
Hank Cleaves,32,5,16,21,0,0,0,0,78,43,75,153,22,5,82
Jack Silverberg,29,0,5,5,0,0,0,0,28,12,1,3,7,9,70
Tucker McRae,26,0,1,1,0,0,0,0,30,16,0,0,8,-10,65
Joshua Schenk,19,0,2,2,0,0,0,0,25,16,10,34,3,-2,54
Roan Clarke,17,0,0,0,0,0,0,0,0,0,0,0,0,0,51
Nate Morgan,17,4,0,4,1,0,0,1,10,8,0,2,1,4,41
Oskari Vuorio,4,1,0,1,0,0,0,0,4,3,0,0,0,2,10
Ian Moore,32,3,11,14,1,0,0,0,165,77,0,0,35,-5,95
Jack Bar,25,0,3,3,0,0,0,0,54,20,0,0,14,0,76
Kyle Aucoin,28,2,2,4,0,0,0,1,81,40,0,0,19,-3,81
Zakary Karpa,31,1,6,7,0,0,0,0,59,32,257,490,8,-6,92
Mason Langenbrunner,33,6,4,10,3,1,0,0,104,52,0,0,30,3,97
Philip Tresca,31,4,8,12,0,1,0,0,83,45,104,232,16,1,91
Ryan Healey,33,4,9,13,2,0,0,0,150,65,0,0,44,-4,97
Joe Miller,28,5,18,23,0,1,0,0,92,50,11,16,12,5,81
Marek Hejduk,25,4,1,5,1,1,0,0,44,27,5,11,7,-10,68
Casey Severo,33,16,12,28,8,4,0,1,99,63,337,675,14,10,97
Aku Koskenvuo,21,0,0,0,0,0,0,0,1,1,0,0,0,0,67
Ryan Fine,24,1,4,5,0,0,0,0,54,30,5,12,7,-9,73
Matthew Morden,31,1,5,6,0,0,0,0,73,29,0,0,24,-1,91
Michael Callow,30,3,5,8,0,0,0,0,88,48,0,7,13,2,92
Ben  MacDonald,27,5,11,16,2,1,0,0,102,60,66,157,19,5,82
CamÂ Cameron Johnson,31,5,4,9,0,1,0,0,85,43,51,95,20,-13,93
Will Hughes,31,1,1,2,0,0,0,0,50,24,138,308,8,-7,92
Justin Solovey,33,5,7,12,0,0,0,2,120,59,2,8,22,4,97
Lucas St. Louis,33,2,9,11,1,1,0,0,100,35,0,0,39,-6,97
Mick Thompson,33,14,18,32,3,2,2,2,120,80,0,2,18,-5,97
Alex Gaffney,4,0,0,0,0,0,0,0,7,3,0,1,1,0,10
Ben Charette,16,0,0,0,0,0,0,0,0,0,0,0,0,0,51
Tommy Lyons,13,0,2,2,0,0,0,0,10,7,16,33,2,0,38
Evan Zhang,1,0,0,0,0,0,0,0,0,0,0,0,0,0,7
Christian Jimenez,4,0,0,0,0,0,0,0,5,1,0,0,3,-1,9
Salvatore Guzzo,21,3,0,3,0,0,0,0,39,21,0,0,5,-3,59
Sean Keohane,11,0,2,2,0,0,0,0,33,7,0,0,15,-3,33
Luke Khozozian,1,0,0,0,0,0,0,0,1,1,0,0,0,0,2
Ross Mitton,32,4,7,11,1,1,0,0,99,51,3,8,21,10,60
Taylor Makar,38,18,12,30,2,6,2,2,159,100,13,29,25,24,75
Harrison Scott,38,18,17,35,6,2,1,2,228,133,421,743,49,13,75
David Breazeale,38,3,10,13,0,2,0,0,161,69,0,1,47,15,75
Nolan Renwick,38,9,15,24,2,1,0,1,118,68,392,696,23,25,75
Nicholas Niemo,23,3,2,5,0,0,0,0,37,24,0,2,6,0,52
Owen Fowler,38,10,10,20,1,1,2,1,153,87,44,115,38,5,75
Luke Antonacci,30,2,2,4,0,0,0,0,52,23,0,0,16,10,63
Brandon Holt,34,4,16,20,1,0,0,0,171,75,0,0,46,9,69
Brandon Chabrier,37,0,10,10,0,0,0,0,147,59,1,1,40,10,74
Grayson Arnott,20,2,0,2,0,1,0,0,43,24,0,0,13,4,36
Thomas Freel,38,11,7,18,8,2,0,0,135,87,8,19,16,9,75
Charlie Russell,35,7,19,26,1,2,0,0,129,66,18,37,38,11,70
Sully Scholle,38,3,13,16,1,1,0,0,132,63,0,4,38,-5,75
Anthony Calafiore,21,1,0,1,0,0,0,0,33,20,4,13,8,1,33
Bodie Nobes,21,1,4,5,0,0,0,0,71,29,0,0,19,9,45
Josh Nadeau,37,10,19,29,3,3,1,0,247,114,8,14,77,12,74
Albin Boija,37,0,1,1,0,0,0,0,2,1,0,0,1,0,73
Frank Djurasevic,38,7,21,28,2,1,1,1,164,77,0,0,53,18,75
Oskar Komarov,37,2,5,7,0,0,0,0,87,48,99,218,19,3,73
Liam Lesakowski,24,0,0,0,0,0,0,0,36,18,0,0,8,2,41
Jack Dalton,21,0,5,5,0,0,0,0,43,14,0,0,15,-3,37
Lynden Breen,22,7,6,13,1,0,0,0,94,52,141,270,19,5,45
Thomas Pichette,19,2,3,5,0,1,0,0,30,18,14,30,7,1,45
Aidan Carney,5,0,0,0,0,0,0,0,1,0,0,0,0,0,8
Patriks Berzins,2,0,0,0,0,0,0,0,0,0,0,0,0,0,2
Colby Enns,29,0,4,4,0,0,0,0,53,28,0,0,19,-7,98
Harrison Roy,35,2,7,9,0,0,0,0,108,80,193,381,10,-13,112
Josef Mysak,34,2,8,10,0,0,0,0,87,44,1,1,28,5,109
Antonio Venuto,35,8,6,14,4,1,0,1,98,68,17,47,16,-12,112
Michael Citara,7,1,0,1,0,0,0,0,22,10,0,0,6,-1,25
Ivan Zivlak,32,3,6,9,0,1,0,0,71,27,0,0,27,-1,96
Seamus Powell,35,5,16,21,2,0,0,1,144,68,0,0,48,-8,112
Zach Bookman,33,3,14,17,1,0,0,0,121,50,0,0,43,-5,106
Trevor Griebel,24,1,4,5,1,0,0,0,34,15,0,0,9,-9,86
Tyler Young,29,6,4,10,0,1,0,0,94,55,1,6,14,-4,89
Cam KungleÂ ,32,0,1,1,0,0,0,0,50,18,0,0,14,-4,100
Ethan Bono,33,5,4,9,0,1,0,1,51,41,153,354,2,0,103
David Sacco,26,9,0,9,1,3,0,0,64,33,66,130,14,-3,86
Luke Weilandt,35,1,5,6,0,0,1,0,71,45,181,378,9,-8,112
Ty Daneault,35,6,9,15,3,1,0,0,116,61,3,8,24,-7,112
Nils Wallstrom,11,0,0,0,0,0,0,0,1,1,0,0,0,0,43
Nick Pierre,34,5,11,16,3,0,0,0,168,94,8,17,30,-8,112
Caden Cranston,35,7,10,17,1,2,0,1,84,48,10,24,11,-13,112
Caelan Fitzpatrick,35,6,9,15,2,2,0,0,105,54,260,532,18,0,112
Max Lundgren,24,0,0,0,0,0,0,0,0,0,0,0,0,-1,79
Ryan O'Connell,27,1,7,8,0,0,0,0,55,35,0,3,11,-5,86
Max Wattvil,11,0,0,0,0,0,0,0,27,9,0,0,10,-3,34
Michael Emerson,32,6,6,12,0,0,0,0,75,31,62,177,20,1,96
Hunter Wallace,6,2,0,2,0,0,0,0,15,7,0,0,5,2,21
Vann Yuhas,16,2,0,2,0,1,0,0,16,8,0,1,2,-4,54
Ryan Keyes,5,0,0,0,0,0,0,0,0,0,0,0,0,0,20
Nathan King,9,0,2,2,0,0,0,0,22,6,0,0,6,-2,27
Spencer Marquis,1,0,0,0,0,0,0,0,0,0,0,0,0,0,3
Conor Lovett,35,5,1,6,1,0,0,0,40,27,142,245,4,-2,100
Nikolai Jenson,28,2,4,6,0,2,0,0,86,34,1,1,35,0,77
Luke Reid,35,1,11,12,0,0,0,0,157,63,0,0,44,-7,100
Luis Lindner,28,0,6,6,0,0,0,0,64,27,0,0,21,3,75
Robert Cronin,35,17,11,28,8,2,0,0,87,57,186,377,11,-5,100
Liam Devlin,35,9,14,23,2,0,0,1,151,83,1,3,35,-6,100
Alex Gagne,35,4,13,17,1,1,0,0,160,83,0,1,44,0,100
Connor Sweeney,35,2,6,8,0,0,0,0,56,39,8,17,6,-7,100
Colton Huard,35,0,10,10,0,0,0,0,146,64,0,0,40,-6,100
Jack Babbage,19,1,0,1,0,0,0,0,36,18,0,0,8,-5,52
Jared Whale,31,0,0,0,0,0,0,0,0,0,0,0,0,0,93
Kristaps Skrastins,32,3,3,6,0,0,0,0,86,50,1,4,16,-5,93
Morgan Winters,26,2,12,14,0,1,0,1,70,44,20,36,12,4,71
Cy LeClerc,33,8,20,28,1,1,0,0,124,75,242,454,20,-10,99
Marty Lavins,35,8,9,17,2,1,0,1,146,79,174,343,29,-2,100
Brendan Fitzgerald,32,1,2,3,0,0,0,0,71,34,0,0,25,3,96
J.P. Turner,34,5,8,13,0,2,1,0,105,59,7,9,16,0,97
Jason Siedem,32,3,8,11,0,0,0,0,44,26,1,7,10,-3,91
Nick Ring,35,9,11,20,7,1,0,0,97,52,198,437,23,-14,100
Ryan Conmy,34,15,18,33,3,2,0,0,258,124,0,0,75,-1,100
Ryan MacPherson,18,1,1,2,0,0,0,0,11,7,11,23,2,1,59
Ronan Walsh,12,0,0,0,0,0,0,0,6,2,0,0,2,2,33
Rico DiMatteo,8,0,0,0,0,0,0,0,0,0,0,0,0,0,32
Josh Player,13,0,0,0,0,0,0,0,17,7,0,0,7,-6,39
Connor MacPherson,5,0,0,0,0,0,0,0,2,2,0,0,0,-1,11
Raphael Gaughan,1,0,0,0,0,0,0,0,0,0,0,0,0,0,2
Jake Higgins,36,2,1,3,0,0,0,0,35,17,0,0,14,-3,112
Jake Boltmann,35,2,10,12,0,0,0,0,65,24,0,0,25,-2,106
Ryan McGuire,37,4,3,7,1,0,1,1,84,58,381,663,12,-9,112
Cristophe Tellier,36,5,13,18,0,0,0,0,95,52,8,12,21,-12,107
Vinny Borgesi,32,5,17,22,0,2,0,0,150,71,13,17,47,1,92
Cam Lund,37,18,22,40,4,3,0,0,294,174,80,185,54,1,112
Jackson Dorrington,37,2,13,15,0,0,0,0,145,73,0,0,34,-2,112
Nick RhÃ©aume,37,2,2,4,1,0,0,0,86,49,8,17,10,-16,112
Joaquim Lemay,30,3,9,12,1,0,0,0,127,58,0,0,43,-11,88
Jack Williams,38,16,25,41,3,3,1,1,196,105,392,712,38,6,120
Dylan Hryckowian,36,17,19,36,3,4,1,2,176,102,5,13,25,4,108
Andy Moore,36,1,3,4,0,0,0,0,36,27,114,203,4,-1,107
Eli Sebastian,33,1,0,1,0,0,0,0,65,33,138,340,14,-15,105
Cameron Whitehead,35,0,1,1,0,0,0,0,0,0,0,0,0,0,109
Jack Henry,30,0,1,1,0,0,0,0,31,13,0,0,9,-9,92
Joe Connor,37,7,10,17,1,2,0,0,188,103,3,10,39,-10,112
Griffin Erdman,37,1,2,3,0,0,0,0,54,35,6,13,8,1,112
James Fisher,24,1,1,2,0,0,0,0,27,21,0,0,4,-3,76
Ben Poitras,28,1,2,3,0,0,0,0,42,25,2,3,9,-3,85
Seth Constance,35,0,1,1,0,0,0,0,13,7,0,0,4,-4,108
Anthony Messuri,15,0,1,1,0,0,0,0,2,1,14,34,0,4,46
Billy Norcross,22,0,1,1,0,0,0,0,18,12,3,7,5,-1,63
Kyle Furey,2,0,0,0,0,0,0,0,0,0,0,0,0,-1,9
Quentin Sigurdson,6,0,1,1,0,0,0,0,0,0,0,0,0,-2,22
Nolan Hayes,5,0,0,0,0,0,0,0,3,1,0,0,1,0,21
Ethan Fredericks,5,0,0,0,0,0,0,0,4,2,0,0,2,0,15
David Ma,30,6,7,13,2,0,0,0,99,39,0,0,35,0,86
Noah de la Durantaye,29,4,6,10,2,2,0,0,137,56,0,0,52,-12,82
Alex Konovalov,27,3,8,11,0,1,0,0,51,27,5,14,10,2,79
Ethan Pearson,17,0,0,0,0,0,0,0,0,0,0,0,0,0,43
Tyler Rubin,17,2,3,5,0,0,0,0,55,26,0,0,14,0,51
Jayden Sison,24,2,4,6,0,0,0,0,34,24,0,1,4,-5,69
Brendan Gorman,30,12,14,26,2,3,2,1,105,64,285,626,20,-7,86
Kevin Anderson,28,5,4,9,2,0,0,0,88,52,6,14,14,-5,81
David Jacobs,24,3,11,14,0,0,0,0,66,41,5,19,12,-3,63
Nick Marciano,30,4,10,14,2,1,0,0,114,51,0,0,34,-5,86
Jaxson Ezman,30,7,8,15,1,2,0,0,97,53,28,60,23,-2,86
Brendan Wang,24,1,1,2,1,0,0,0,37,18,0,0,10,0,73
Ian Devlin,30,1,3,4,0,0,0,0,55,23,1,1,16,3,86
Carson Buydens,29,1,3,4,0,0,0,0,71,32,150,308,22,-5,83
Joshua Karnish,29,1,2,3,0,0,0,0,52,32,1,7,12,-4,82
Jake Manfre,30,8,9,17,3,2,0,0,101,54,2,2,17,-1,86
Drew Garzone,25,1,3,4,0,0,0,0,52,31,171,308,10,3,66
Miles Gunty,29,3,7,10,0,0,0,0,79,35,3,7,22,-4,82
Luc Pelletier,29,3,5,8,1,0,0,0,47,29,155,309,8,-7,83
Michael Young,11,0,2,2,0,0,0,0,13,8,0,0,1,-1,34
Arthur Smith,13,0,0,0,0,0,0,0,0,0,0,0,0,0,43
Kai Greaves,29,2,1,3,0,0,0,0,73,26,0,0,30,-10,82
Julian Facchinelli,2,0,0,0,0,0,0,0,2,2,2,2,0,0,3
Pat Reilly,9,0,0,0,0,0,0,0,7,2,0,0,3,-1,27
Nick Poisson,37,8,8,16,0,2,1,1,119,69,12,30,16,3,96
Chase Yoder,37,5,5,10,1,0,0,2,147,92,366,617,20,5,96
Connor Kelley,37,1,3,4,0,0,0,0,69,41,0,0,14,4,96
Ryan O'Reilly,26,6,3,9,0,0,0,0,54,40,3,7,5,10,65
Cam Gendron,7,0,0,0,0,0,0,0,6,3,26,57,1,0,15
Logan Will,37,8,16,24,3,3,0,0,123,73,302,553,14,10,96
Guillaume Richard,37,2,12,14,0,0,1,0,116,61,0,0,30,7,96
Taige Harding,37,2,12,14,0,1,0,1,67,32,0,0,20,9,96
Austen May,34,1,13,14,1,0,0,0,134,61,0,0,39,7,92
Philip SvedebÃ¤ck,26,0,2,2,0,0,0,0,0,0,0,0,0,0,70
Hudson Malinoski,35,11,12,23,4,2,0,0,148,67,192,357,30,-7,89
Graham Gamache,37,10,10,20,0,1,2,0,110,72,119,217,14,4,96
Tanner Adams,37,11,11,22,2,3,0,2,130,79,8,14,21,0,96
Andrew Centrella,34,2,12,14,0,0,0,0,73,27,0,0,25,-6,89
Tomas Machu,30,2,4,6,0,2,0,0,63,23,0,0,18,2,74
Alexander Bales,32,2,3,5,0,1,0,0,73,34,0,0,21,2,85
Will Elger,36,8,10,18,2,1,0,0,122,62,3,11,27,5,91
Trevor Connelly,23,4,9,13,1,1,0,0,148,63,2,6,49,-13,69
Logan Sawyer,37,6,10,16,2,2,0,0,152,106,5,8,22,7,96
John Mustard,37,7,13,20,2,1,0,0,200,108,5,9,44,1,96
Aleksi Kivioja,28,3,5,8,0,0,0,2,52,31,76,140,7,8,74
Braiden Clark,16,1,2,3,0,0,0,0,30,18,65,122,5,4,34
Zachary Borgiel,12,0,0,0,0,0,0,0,0,0,0,0,0,0,31
Carl Fish,9,0,0,0,0,0,0,0,11,5,0,0,4,-3,20
Clint Levens,22,3,3,6,0,1,0,0,37,25,0,4,3,2,64
Jack Agnew,20,1,2,3,0,0,0,0,31,15,0,0,11,-5,76
Elliott McDermott,35,3,15,18,1,0,0,0,125,64,0,0,37,0,131
Jakob Lee,35,13,7,20,1,2,0,2,107,62,351,645,18,6,131
Dovar Tinling,32,10,10,20,2,1,0,2,88,53,257,475,19,-1,122
John Beaton,34,6,13,19,3,2,0,1,93,58,75,127,20,-10,130
Jack Brackett,35,6,11,17,0,2,1,0,101,56,3,10,20,4,131
Jake Gagnon,33,8,7,15,1,1,0,0,125,68,0,3,30,-6,124
Arvils Bergmanis,35,4,4,8,2,0,0,0,117,52,0,0,39,-10,131
Noah Giesbrecht,30,0,1,1,0,0,0,0,0,0,0,0,0,0,110
William Gilson,35,8,16,24,1,1,0,0,173,95,0,0,50,6,131
Max Smolinski,35,5,10,15,1,0,0,0,167,74,0,0,63,-3,131
Nathan Sullivan,20,2,2,4,0,0,0,0,19,8,1,1,7,1,77
Tyler Hotson,35,6,16,22,1,0,0,0,121,60,5,12,36,3,131
Brad McNeil,35,2,3,5,0,0,0,1,45,31,131,295,2,-4,131
Jeremie Payant,32,3,3,6,0,0,0,0,65,40,31,67,11,-7,115
Jimmy Goffredo,35,2,3,5,0,0,0,0,86,40,0,0,27,-9,131
Gustavs Ozolins,31,1,2,3,0,0,0,0,60,27,0,0,28,-4,115
Rainers Rullers,34,5,8,13,0,0,0,0,70,37,232,487,19,-8,127
Felix Caron,35,6,15,21,3,1,0,1,114,53,4,6,33,-10,131
Jagger Tapper,29,8,12,20,3,2,0,3,62,35,33,64,14,9,105
Lucas Matta,17,0,0,0,0,0,0,0,33,19,1,1,6,-4,63
Jack Watson,8,0,1,1,0,0,0,0,0,0,0,0,0,0,39
Nick Strom,6,0,1,1,0,0,0,0,12,8,0,0,3,0,23
Brody Maguire,13,0,1,1,0,0,0,0,18,6,0,0,8,-3,47
Sutter Muzzatti,10,2,1,3,0,0,0,0,25,14,19,37,7,-7,39
Carson Dorfman,1,0,0,0,0,0,0,0,0,0,0,0,0,0,6
Greg Lapointe,34,11,8,19,2,2,0,0,170,99,2,5,34,-15,117
Tomas Mazura,17,1,13,14,0,1,0,0,62,32,125,266,16,-7,42
Mason Waite,35,4,12,16,2,1,1,0,154,69,0,0,45,-14,121
Philippe Chapleau,35,3,8,11,1,1,0,0,86,29,0,1,30,-17,121
Drake Burgin,35,2,5,7,1,0,0,0,100,39,0,0,36,-22,121
Ty Naaykens,27,5,5,10,2,0,1,0,83,43,32,71,18,-9,103
Will Arquiett,27,4,2,6,0,0,0,0,48,21,25,34,12,-5,97
Oak MacLeod,4,0,0,0,0,0,0,0,7,4,0,0,1,0,10
Reilly Connors,35,2,7,9,0,1,0,0,82,51,274,553,7,-14,121
Felikss Gavars,34,6,9,15,2,0,0,0,172,82,12,30,39,-18,118
Isack Bandu,31,2,5,7,1,1,0,0,54,28,0,0,11,-12,103
Jan Olenginski,29,2,4,6,0,0,0,0,61,31,1,1,9,-3,101
Mason Kucenski,28,0,2,2,0,0,0,0,0,0,0,0,0,0,98
Evan Orloff,19,0,2,2,0,0,0,0,30,11,0,0,13,-1,56
Sam Hall,22,0,2,2,0,0,0,0,29,15,0,0,9,-9,72
Gabe Westling,29,1,8,9,0,0,0,0,58,28,107,249,16,-13,97
Jacob Bernadet,27,1,1,2,1,0,0,0,65,30,1,3,9,-15,96
Spencer Bell,32,3,1,4,1,0,0,0,60,39,5,9,13,-5,110
Isaac Tremblay,33,4,8,12,0,0,0,0,95,52,185,439,14,-20,116
Nicholas Beneteau,32,2,4,6,0,1,0,0,68,42,153,310,13,-16,108
Jake Lammens,23,0,0,0,0,0,0,0,38,21,0,0,12,-17,84
Gunnar Thoreson,33,5,3,8,0,1,0,0,68,40,9,32,15,-11,117
Dominic Basse,10,0,0,0,0,0,0,0,0,0,0,0,0,0,45
Tyler Cristall,29,8,9,17,3,0,0,0,143,74,1,8,39,-8,107
Evan Mitchell,5,0,0,0,0,0,0,0,2,1,0,0,1,-3,24
Cayden Casey,13,1,3,4,0,0,0,0,41,23,43,125,7,6,55
Jan Lasak,16,4,2,6,0,0,0,0,47,23,4,8,14,-7,55
Connor Sullivan,30,2,9,11,1,0,0,0,96,40,0,0,30,-12,121
Dylan Herzog,30,2,9,11,1,1,0,0,77,31,0,0,28,-19,121
William Dineen,30,6,12,18,2,0,0,0,96,59,289,594,11,-1,121
Briggs Gammill,30,3,4,7,1,0,0,0,135,63,9,22,33,-9,121
Kieran O'Hearn,29,1,6,7,0,0,0,0,67,33,0,0,19,-5,115
Kalen Szeto,27,4,1,5,1,0,1,0,57,38,1,10,6,-14,114
Elan Bar-Lev-Wise,24,1,1,2,0,0,1,0,20,12,89,238,2,-15,102
Bayard Hall,27,0,4,4,0,0,0,0,75,31,0,0,21,-8,111
Jack Stark,20,0,0,0,0,0,0,0,0,0,0,0,0,1,79
David Andreychuk,26,1,3,4,0,0,0,0,37,18,14,41,8,-19,110
Will Richter,30,5,6,11,0,0,1,0,73,41,11,22,17,-2,121
Iisai Pesonen,25,1,2,3,0,0,0,0,53,19,4,10,20,-5,100
Seiya Tanaka-Campbell,20,0,0,0,0,0,0,0,9,3,7,15,2,-7,80
Owen Forester,2,0,0,0,0,0,0,0,3,2,0,0,0,-3,11
Rhys Bentham,8,1,3,4,0,0,1,0,24,11,0,0,7,-1,27
Ronan O'Donnell,29,11,9,20,2,3,0,0,102,68,7,13,12,-10,116
Micah Berger,21,5,10,15,3,0,0,0,67,31,11,17,18,-9,92
Zach Wagnon,30,3,11,14,0,1,0,0,86,45,174,344,18,-6,121
Donovan Frias,30,7,5,12,3,0,0,0,92,65,188,463,11,-11,121
Julian Frias,30,2,4,6,1,0,0,0,57,41,3,9,7,-12,121
JoJo Tanaka-Campbell,10,0,0,0,0,0,0,0,4,2,5,13,2,-6,39
Tucker Hartmann,16,1,0,1,0,0,0,0,29,14,0,2,7,1,57
David Chen,18,10,7,17,2,0,0,1,78,48,2,7,12,-4,75
Hughie Hooker,26,1,5,6,0,1,0,0,60,30,0,1,16,-23,104
Joe Blackley,9,0,1,1,0,0,0,0,8,4,1,2,1,-2,34
Luke Pearson,6,0,0,0,0,0,0,0,0,0,0,0,0,0,27
Noah Pak,8,0,0,0,0,0,0,0,0,0,0,0,0,0,37
Linden Alger,40,3,7,10,0,0,0,0,95,49,0,0,18,5,97
Joey Musa,33,1,2,3,0,0,0,0,52,24,26,61,11,-7,85
Lucas Mercuri,40,10,21,31,2,0,0,0,130,81,383,713,19,14,97
Ryan Lautenbach,40,6,15,21,0,2,0,1,123,71,13,21,17,5,97
Michael Cameron,21,3,4,7,1,0,0,1,43,29,7,29,9,-2,50
Owen Murray,40,5,9,14,0,0,0,1,141,73,0,0,29,5,97
Kenny Connors,40,10,19,29,2,4,0,3,210,101,313,613,53,4,97
Cole O'Hara,40,22,29,51,7,4,1,1,218,116,7,13,42,21,97
Kennedy O'Connor,31,0,6,6,0,0,0,0,44,16,0,0,14,7,70
Lucas Olvestad,38,4,16,20,1,0,0,0,147,61,0,0,51,8,93
Cam O'Neill,26,2,1,3,0,0,0,0,49,32,1,4,3,1,66
Jack Musa,40,18,17,35,3,3,0,0,176,99,55,84,29,18,97
Dans Locmelis,40,8,25,33,3,1,0,0,154,79,371,693,24,16,97
Aydar Suniev,35,20,18,38,5,4,0,1,227,121,0,3,45,12,83
Nick VanTassell,35,2,2,4,0,0,0,0,40,23,3,7,6,-10,86
Bo Cosman,30,0,3,3,0,0,0,0,35,22,11,15,5,4,69
Michael Hrabal,36,0,0,0,0,0,0,0,0,0,0,0,0,0,89
Finn Loftus,30,0,1,1,0,0,0,0,24,13,0,0,5,3,76
Larry Keenan,40,4,7,11,0,0,0,0,147,75,0,0,44,16,97
Francesco Dell'Elce,40,7,17,24,1,2,0,0,214,80,0,0,68,18,97
Cam Dunn,6,0,0,0,0,0,0,0,6,4,1,1,0,0,13
James Duerr,31,2,3,5,0,0,0,0,29,20,50,147,3,1,72
Kaz Sobieski,5,0,0,0,0,0,0,0,3,1,0,0,2,1,14
Daniel JenÄko,28,6,11,17,2,1,0,0,83,52,0,3,15,9,67
Jackson Irving,6,0,1,1,0,0,0,0,0,0,0,0,0,0,16
Pierson Brandon,34,6,2,8,0,2,1,1,96,54,1,2,21,-1,95
Jack Robilotti,35,2,4,6,0,1,0,0,59,23,0,0,16,6,101
Ben Meehan,36,3,14,17,0,1,0,0,133,57,1,2,42,-4,101
Henry Welsch,20,0,1,1,0,0,0,0,0,0,0,0,0,0,57
Isac Jonsson,35,2,10,12,2,0,0,0,150,69,1,1,46,-2,100
Matt Crasa,29,5,9,14,1,1,0,0,105,52,4,12,24,1,81
Owen Cole,36,8,12,20,3,1,0,0,116,73,261,537,13,1,101
Ian Carpentier,27,2,7,9,0,0,0,1,75,45,24,65,21,4,76
Scout Truman,36,10,8,18,2,3,0,1,166,90,1,9,49,-3,101
TJ Schweighardt,36,0,10,10,0,0,0,0,100,40,0,0,29,1,101
Connor Eddy,36,5,5,10,0,1,0,0,90,63,10,17,13,7,101
Dillan Bentley,34,9,7,16,1,1,0,0,130,66,208,414,20,-5,99
Jak Vaarwerk,36,5,11,16,1,1,0,1,104,57,296,601,19,-1,101
Nick Anderson,35,2,12,14,0,0,0,0,66,26,0,1,24,-1,97
Chris Delaney,35,9,9,18,2,0,0,0,102,59,3,6,22,-12,100
Mirko Buttazoni,32,5,14,19,1,0,0,0,122,72,17,35,20,-3,93
Libor Nemec,26,6,6,12,3,2,0,0,74,49,56,131,15,-9,72
Lee Parks,34,8,6,14,4,1,0,0,87,54,2,5,13,6,92
Jacob MacDonald,14,2,2,4,0,0,0,0,23,12,14,31,3,-2,31
Beni Halasz,18,0,0,0,0,0,0,0,0,0,0,0,0,0,53
Jack Collins,16,0,1,1,0,0,0,0,21,13,70,127,0,2,40
Girts Silkalns,10,1,2,3,0,0,0,0,17,8,0,0,4,0,30
Daniel Buchbinder,14,0,1,1,0,0,0,0,8,4,0,1,4,-1,36
Stefan Owens,26,2,0,2,0,1,0,0,44,29,74,177,9,-4,78
Mitchell Becker,16,1,2,3,0,0,0,0,23,10,0,0,10,-5,51
Sean Kilcullen,8,0,0,0,0,0,0,0,6,2,0,1,1,-1,23
Jaiden Moriello,2,0,0,0,0,0,0,0,3,1,0,0,1,-1,7
Dominick Rivelli,3,0,0,0,0,0,0,0,2,1,0,0,0,0,9
Ryan St. Louis,23,11,18,29,0,6,0,1,80,48,3,5,19,0,66
Brett Bliss,31,1,4,5,0,1,0,0,110,51,0,0,33,3,81
Wyatt Schlaht,11,0,0,0,0,0,0,0,9,4,1,2,3,-2,25
Brendan Clark,31,6,6,12,0,1,0,0,80,47,18,35,14,2,80
Tony Andreozzi,32,1,6,7,0,0,0,0,64,37,0,0,12,-3,85
Thomas Manty,7,0,1,1,0,0,0,0,8,4,0,0,2,0,17
Lynden Grandberg,19,1,0,1,0,0,0,0,17,12,22,45,3,3,49
Noah Wakeford,2,0,0,0,0,0,0,0,1,0,1,2,1,0,5
Spence Evans,13,0,0,0,0,0,0,0,10,3,0,0,4,0,33
Nick Traggio,26,1,3,4,0,0,0,0,81,36,0,0,24,3,72
Ryan Shostak,32,3,3,6,0,0,0,1,45,26,159,368,12,-2,85
Dean Bauchiero,17,3,0,3,0,1,0,1,25,11,1,2,6,0,54
Tyler Shea,6,0,0,0,0,0,0,0,0,0,0,0,0,0,19
Lawton Zacher,28,0,0,0,0,0,0,0,0,0,0,0,0,0,75
Alex Pineau,32,7,9,16,2,0,0,0,129,54,0,0,43,-3,85
Tyler Kopff,32,9,19,28,6,1,1,0,203,114,94,194,51,1,85
Mike Cataldo,28,1,2,3,0,0,0,0,32,19,114,193,4,1,76
Ethan Mistry,32,2,10,12,0,0,0,0,98,45,0,0,30,4,85
Max Scott,32,12,14,26,3,1,0,2,137,82,463,861,29,-6,85
Charlie Gollob,27,4,5,9,0,1,0,0,56,34,10,21,12,-2,70
Ivan Zadvernyuk,32,3,7,10,0,0,0,0,103,56,7,17,26,-1,85
Tanner Hartman,23,1,2,3,0,0,0,0,21,16,0,1,3,2,63
Jack Hewitt,11,0,1,1,0,0,0,0,14,8,0,0,5,-2,30
Zackary Tonelli,25,2,0,2,0,0,2,0,49,25,1,5,6,-1,60
Tristan Zarsky,20,0,0,0,0,0,0,0,33,12,0,0,11,-1,49
Andrew King,14,0,1,1,0,0,0,0,16,8,0,0,5,1,38
Brian Nicholas,28,11,14,25,4,2,0,0,134,70,85,203,32,-4,72
Leo Schwartz,20,0,2,2,0,0,0,0,28,10,0,0,7,2,53
Matthew Brille,4,0,0,0,0,0,0,0,3,2,1,1,0,1,13
Danny Weight,34,5,7,12,1,0,0,0,76,49,15,34,14,-8,107
Jordan Biro,36,3,9,12,1,0,0,0,82,56,0,0,15,-7,112
Lauri Sertti,37,1,6,7,1,0,0,0,77,34,0,0,24,1,114
Evan Stella,35,1,6,7,0,0,0,0,95,56,0,1,21,-19,107
Oscar Geschwind,36,5,7,12,0,1,0,1,93,55,15,39,16,-3,114
Brett Bamber,35,6,12,18,0,0,0,0,165,90,1,2,39,-19,105
David Posma,35,2,7,9,0,0,0,0,66,35,0,0,17,-1,108
Blake Dangos,33,1,2,3,0,0,0,0,53,22,0,2,18,-7,103
Josh Barnes,38,14,10,24,3,1,0,0,162,85,229,477,36,-14,117
Brett Rylance,35,3,10,13,1,0,0,0,123,79,262,526,24,-1,101
John Lundy,37,10,10,20,6,0,0,0,138,84,62,97,30,-12,115
Noah Serdachny,37,4,12,16,0,2,0,0,125,71,72,153,27,-10,114
Chase Clark,25,0,1,1,0,0,0,0,0,0,0,0,0,0,75
Alfred LindbergÂ ,33,7,4,11,1,2,0,0,119,77,232,446,27,-17,104
Dario Beljo,30,11,9,20,4,3,0,0,58,32,73,185,16,-2,97
Hunter Longhi,13,2,2,4,1,0,0,0,24,18,0,0,4,-1,38
Tyler ProciousÂ ,31,1,5,6,1,0,0,0,83,41,0,0,26,-8,99
Tobias LarsenÂ ,17,0,2,2,0,0,0,0,28,14,0,0,9,-1,62
Justin MexicoÂ ,32,3,12,15,0,1,0,0,96,58,131,302,21,-3,98
Wilhelm ForsbergÂ ,20,1,5,6,1,0,0,0,34,16,0,0,9,0,57
Joey LoVullo,1,0,0,0,0,0,0,0,0,0,0,0,0,0,4
Timofei Khokhlachev,31,8,10,18,1,2,0,1,76,47,4,9,12,5,90
Alexander Malinowski,25,0,8,8,0,0,0,0,71,45,1,2,12,-8,70
Casey McDonald,27,3,4,7,0,1,0,0,58,39,10,30,11,-2,81
Peyton GrainerÂ ,12,0,0,0,0,0,0,0,0,0,0,0,0,0,45
Adam Manji,7,0,1,1,0,0,0,0,1,1,0,0,0,0,26
Tanner WillickÂ ,7,0,0,0,0,0,0,0,12,5,0,0,3,-2,20
Theo Angesved,12,1,1,2,0,0,0,0,20,8,0,0,7,1,41
Douglas Andersson,8,0,1,1,0,0,0,0,4,2,0,0,2,-3,30
Adam Marshall,38,7,5,12,0,1,0,0,154,93,1,6,29,-3,117
Michael Sacco,38,2,9,11,0,0,0,1,98,60,204,473,16,-7,117
Joey Baez,38,7,9,16,0,1,0,0,163,82,0,0,38,-19,117
Hunter McCoy,30,4,7,11,0,2,0,0,79,40,28,59,15,4,92
Andrew Gilbert,38,0,3,3,0,0,0,0,55,26,0,0,17,-8,117
Sean Vlasich,33,0,5,5,0,0,0,0,73,47,0,0,13,1,93
Mac Gadowsky,38,16,26,42,4,2,0,1,199,99,0,0,61,5,117
Easton Zueger,36,2,3,5,0,0,0,0,85,36,0,1,32,-8,111
Jon Bell,26,0,4,4,0,0,0,0,73,37,0,1,22,-5,78
Pierce Patterson,37,2,7,9,0,1,0,0,111,43,0,0,37,-3,114
Nik Hong,36,11,11,22,3,2,2,0,108,66,318,608,20,-9,112
Vincent Salice,35,6,8,14,0,1,0,0,123,79,1,1,26,0,108
Barron Woodring,38,11,15,26,5,2,1,0,131,77,388,720,27,-9,117
Brent Keefer,36,7,12,19,2,1,0,1,120,66,56,123,28,-5,107
Ben Ivey,37,8,13,21,0,0,0,0,108,65,131,308,19,5,113
Jack Ivey,38,10,15,25,4,2,0,1,197,104,16,35,46,4,117
Nils Forselius,35,7,15,22,3,1,0,0,125,60,5,11,27,5,110
Dylan Wegner,33,2,4,6,0,0,0,0,73,46,1,4,13,-8,95
Sam Groebner,38,2,7,9,0,0,0,0,52,25,0,0,17,4,117
JJ Cataldo,31,0,1,1,0,0,0,0,0,0,0,0,0,0,91
Jacob Biron,2,0,1,1,0,0,0,0,0,0,0,0,0,0,7
Josh Bohlin,3,0,0,0,0,0,0,0,5,4,0,0,1,-2,7
Trevor Smith,7,0,0,0,0,0,0,0,15,6,0,1,6,-5,23
Jude Brower,6,1,0,1,0,0,0,0,12,5,0,0,4,-5,19
Evan Szary,10,0,0,0,0,0,0,0,0,0,0,0,0,0,43
Stephen Willey,6,0,2,2,0,0,0,0,10,5,0,0,3,0,31
Noah Alvarez,3,0,0,0,0,0,0,0,4,2,0,0,0,-2,8
Lucas Kanta,5,0,0,0,0,0,0,0,5,4,1,1,0,-3,18
Joey Dosan,1,0,0,0,0,0,0,0,4,3,0,4,0,0,4
Andrew Garby,2,0,0,0,0,0,0,0,2,0,0,0,2,0,6
Owen Nolan,8,0,0,0,0,0,0,0,16,6,0,0,7,-2,30
Ethan Leyh,37,17,25,42,7,1,0,5,231,137,436,772,53,11,76
A.J. Hodges,30,9,9,18,3,2,0,1,144,78,19,41,32,7,57
Nick Bochen,40,9,20,29,1,1,0,1,223,110,0,0,60,15,83
Nik Armstrong-Kingkade,38,12,15,27,2,2,2,3,145,90,0,0,21,7,81
Artem Buzoverya,32,6,8,14,1,0,0,0,48,29,206,359,7,5,72
Tucker Hodgson,39,3,4,7,0,0,0,0,58,29,0,0,19,5,78
Tanner Main,35,2,7,9,0,1,0,1,90,38,0,0,20,11,76
Stephen Castagna,40,5,21,26,3,1,0,1,152,96,30,81,18,7,83
Arlo Merritt,35,8,6,14,0,3,0,1,96,59,209,374,19,10,73
Connor Hasley,36,0,0,0,0,0,0,0,0,0,0,0,0,0,75
Ryan Upson,33,1,12,13,0,1,0,0,58,32,5,10,12,14,65
Ryan Nause,18,0,0,0,0,0,0,0,26,9,0,0,7,-2,36
Kellan Hjartarson,40,8,8,16,4,3,0,0,108,64,61,117,16,0,83
Chase Davis,25,3,4,7,0,0,0,0,60,34,102,189,10,0,60
Garrett Horsager,37,0,9,9,0,0,0,0,98,46,0,0,35,12,77
Colton Cameron,37,0,5,5,0,0,0,0,41,16,0,1,18,9,74
Ryan Mansfield,31,8,10,18,1,3,0,0,100,65,108,222,16,7,67
Oliver Salo,29,2,4,6,0,0,0,0,80,37,1,1,20,3,50
Oskar Bakkevig,28,10,6,16,1,0,0,2,120,59,83,159,34,3,58
Samuel Duerr,37,8,7,15,1,4,0,0,182,80,0,0,57,8,78
Jimmy DoyleÂ ,32,0,8,8,0,0,0,0,86,51,30,65,9,3,63
David Helledy,24,0,2,2,0,0,0,0,33,13,0,0,9,-3,43
Jake Black,22,4,3,7,0,1,0,0,75,43,8,18,21,-1,41
Peter Kramer,20,0,4,4,0,0,0,0,47,25,0,0,7,2,46
Pat Lawn,6,0,0,0,0,0,0,0,3,2,0,0,1,2,12
Max Beckford,4,0,0,0,0,0,0,0,0,0,0,0,0,0,13
Kolby Amici,5,0,0,0,0,0,0,0,6,2,0,0,0,-3,17
Nicholas Bevilacqua,2,0,0,0,0,0,0,0,0,0,0,0,0,0,6
Seth Bernard-Docker,6,0,0,0,0,0,0,0,11,5,0,0,3,-2,18
Jackson Decker,34,1,12,13,0,0,0,0,105,46,1,1,37,-7,112
Alec Cicero,34,8,9,17,3,1,0,1,79,41,13,40,24,-7,113
Mikey Colella,37,4,8,12,0,1,0,0,76,41,8,29,19,-10,120
Kyle Haskins,37,11,12,23,3,2,0,1,169,89,220,521,44,-12,120
Cole Kodsi,31,4,8,12,0,1,0,0,104,70,19,57,18,-6,104
Luke Farthing,14,1,4,5,0,0,0,0,43,21,0,0,14,-8,54
Cody Schiavon,34,2,0,2,0,0,0,0,75,33,0,0,23,-5,110
Alton McDermott,33,7,8,15,1,3,0,0,78,43,2,4,14,5,104
Matt Vermaeten,34,4,4,8,0,1,0,0,81,46,44,118,12,-5,109
Oliver Tarr,30,8,7,15,2,0,0,0,110,71,0,5,15,-6,92
Stefano Bottini,33,3,1,4,0,0,1,0,53,35,2,8,12,-4,108
Kash Rasmussen,14,2,6,8,2,0,0,0,37,20,59,127,7,5,41
Grant Porter,33,10,5,15,5,0,0,1,120,65,129,273,26,-7,106
Matteo Giampa,37,8,22,30,1,1,0,1,150,82,3,15,38,-10,120
Trey Funk,37,8,9,17,4,0,0,0,86,70,267,622,8,-19,120
Ethan Robertson,20,0,1,1,0,0,0,0,0,0,0,0,0,0,63
Jack Budd,28,1,10,11,0,0,0,1,84,50,0,0,19,-8,94
Dominic Payne,37,6,8,14,1,1,1,0,131,71,0,0,34,2,120
Ben Bonisteel,11,0,0,0,0,0,0,0,0,0,0,0,0,-1,39
Carter Patterson,28,1,4,5,0,0,1,1,59,28,0,0,22,-1,81
Hunter Price,16,0,0,0,0,0,0,0,29,15,31,78,4,-4,52
Cooper Haar,9,0,2,2,0,0,0,0,11,8,1,2,1,0,32
Keegan Langefels,4,0,0,0,0,0,0,0,5,3,0,0,1,0,15
Hunter Andrew,16,2,1,3,0,1,0,0,35,25,0,2,4,2,55
Christian MacDougall,1,0,0,0,0,0,0,0,2,1,0,0,0,1,8
Luke Marshall,23,1,1,2,0,0,0,0,47,25,0,0,10,0,74
Jackson Nieuwendyk,22,1,2,3,0,0,1,0,33,21,68,151,4,-5,73
Robert Kincaid,23,2,4,6,1,0,1,0,75,38,0,0,20,-6,68
Killian Kiecker-Olson,22,3,2,5,1,0,0,0,40,21,132,233,11,1,69
Petter WickstrÃ¶m Stumer,15,0,0,0,0,0,0,0,0,0,0,0,0,0,56
Ryan Gillespie,1,0,0,0,0,0,0,0,2,2,0,0,0,0,3
Ryan Buckley,13,0,1,1,0,0,0,0,8,6,0,0,1,3,31
John Gelatt,37,7,10,17,2,1,0,0,133,71,94,218,34,10,83
Matt Shatsky,28,1,8,9,0,0,0,0,74,29,0,0,26,-5,74
Liam McLinskey,40,24,30,54,10,2,1,4,278,140,13,31,70,5,94
Timothy Heinke,38,12,7,19,3,1,0,1,174,103,1,9,35,1,89
Lachlan Getz,38,0,8,8,0,0,0,0,85,34,0,0,27,5,92
Louden Hogg,1,0,0,0,0,0,0,0,0,0,0,0,0,0,4
Matt DeBoer,40,11,20,31,4,2,0,0,187,108,4,17,37,3,94
Devin Phillips,34,11,20,31,4,2,0,0,131,78,6,23,26,-1,79
Jack Seymour,34,7,12,19,2,1,0,0,126,67,8,18,30,7,83
Michael Abgrall,40,8,17,25,0,5,0,1,120,68,251,568,37,2,94
Brody Gagno,38,1,7,8,0,0,1,0,55,16,0,0,20,15,88
Will Elias,32,5,7,12,1,1,1,1,81,38,0,0,23,4,72
Jack Stockfish,36,15,12,27,3,4,0,0,148,75,393,693,41,0,88
Connor Welsh,30,0,3,3,0,0,0,0,40,22,3,3,8,-2,69
Jarrod Smith,13,0,1,1,0,0,0,0,16,9,22,45,5,1,30
Edward Moskowitz,7,0,1,1,0,0,0,0,8,7,1,1,0,0,18
Ben LeFranc,21,1,0,1,0,0,0,0,26,13,0,0,8,-3,56
William Troutwine,29,2,2,4,0,1,0,1,57,24,0,0,22,3,60
Matthew Kursonis,27,10,15,25,6,3,0,0,130,75,199,351,23,1,59
Nic Petruolo,26,1,7,8,0,0,0,1,58,26,0,0,23,13,59
Thomas Gale,39,0,0,0,0,0,0,0,0,0,0,0,0,0,90
Mack Oliphant,36,3,26,29,0,0,1,0,176,78,0,0,56,3,83
Joe Solimine,32,1,5,6,0,0,0,0,61,40,115,238,8,-1,78
Ty Gagno,33,4,9,13,0,0,1,1,101,53,176,352,21,1,74
Owen Kim,26,3,4,7,1,1,0,0,83,45,19,31,16,-3,66
Michael Hodge,23,3,1,4,0,0,0,0,42,25,3,11,7,3,49
Steven Agriogianis,34,8,12,20,5,1,0,0,89,55,296,629,20,-22,145
Mickey Burns,32,10,11,21,2,0,0,0,131,74,32,64,26,-5,139
Jake Beaune,26,1,2,3,0,0,0,0,72,42,0,0,15,-15,114
Dustin Geregach,35,7,14,21,1,0,1,0,165,80,0,0,41,-15,150
Ryan Coughlin,35,5,10,15,0,1,1,0,61,46,112,312,6,-15,150
Tyler Nasca,31,1,3,4,0,0,0,0,54,24,0,0,16,-10,128
Barrett Brooks,25,2,7,9,0,0,0,0,57,36,26,76,13,-16,106
Trent Sambrook,35,0,11,11,0,0,0,0,92,43,0,0,36,-21,150
Tyler DesRochers,26,5,3,8,1,0,0,1,40,16,0,1,11,-10,100
Sean James,34,3,8,11,0,0,0,1,105,57,0,0,20,-9,137
Boris Skalos,34,5,9,14,1,2,0,0,158,96,17,38,39,-19,145
Cameron Ricotta,2,0,0,0,0,0,0,0,2,1,0,1,0,-4,9
Spencer Smith,32,1,3,4,0,0,0,0,38,19,138,313,8,-13,139
Connor Pelc,28,2,5,7,0,0,0,0,64,44,106,232,12,-15,119
Brendan Lamb,33,2,8,10,1,0,0,0,69,41,187,440,13,-18,142
Riley Fitzgerald,32,7,7,14,2,0,0,0,78,48,41,103,9,-17,139
Kaden Muir,21,0,1,1,0,0,0,0,22,8,0,0,6,-15,97
Christian Kocsis,25,0,2,2,0,0,0,0,24,15,2,6,3,-21,111
Caleb Price,24,0,7,7,0,0,0,0,54,30,0,0,15,-19,105
Carter McPhail,22,0,0,0,0,0,0,0,0,0,0,0,0,0,92
Will Margel,24,6,6,12,2,0,0,0,78,49,1,4,14,-17,112
Jaryd Sych,30,2,0,2,0,0,0,0,66,27,0,0,21,-15,129
Simon Bucheler,11,0,0,0,0,0,0,0,0,0,0,0,0,0,55
Dominik Bartecko,31,6,6,12,3,0,0,0,77,50,0,1,13,-12,136
Davis Fry,11,1,0,1,0,0,0,0,8,4,33,87,1,-3,44
Michael Chambre,6,0,0,0,0,0,0,0,0,0,0,0,0,0,34
Matteo Disipio,16,3,3,6,0,0,0,0,38,20,0,0,10,-4,75
Kyler Head,6,0,0,0,0,0,0,0,13,10,1,1,1,-3,24
John Jaworski,39,13,18,31,1,3,1,1,140,80,248,558,24,8,101
Tyler Ghirardosi,32,8,11,19,2,1,0,2,89,50,1,3,18,4,82
Max Dorrington,38,12,10,22,3,3,0,0,96,67,337,619,12,4,98
Gabe Blanchard,38,0,6,6,0,0,0,0,113,47,1,2,35,-2,100
Hunter Sansbury,39,6,15,21,3,1,0,0,159,82,1,2,39,12,101
Marcus Joughin,39,3,18,21,0,0,0,0,103,58,233,459,26,-2,101
Garrett Sundquist,20,1,3,4,0,0,0,0,28,14,0,0,7,8,57
Matt Guerra,39,7,12,19,0,0,0,2,122,73,131,279,29,8,101
FÃ©lix Trudeau,39,15,23,38,7,3,0,1,231,130,37,85,53,1,101
Reid Pabich,39,13,15,28,0,3,0,2,120,78,1,5,13,13,101
Mikey Adamson,37,12,15,27,4,4,0,0,178,61,0,0,66,11,97
John Driscoll,39,2,8,10,1,0,0,0,119,49,0,0,44,2,101
Jake Hewitt,32,5,8,13,0,2,0,0,60,37,2,7,10,5,84
Jake Bongo,22,3,4,7,0,1,0,0,45,24,21,45,10,4,64
Cole Galata,37,6,7,13,0,0,0,1,49,32,5,15,10,4,92
Cullen DeYoung,15,0,0,0,0,0,0,0,0,0,0,0,0,0,52
Aiden VanRooyan,32,1,6,7,0,0,0,0,73,39,0,1,21,8,81
Paul Minnehan,13,1,3,4,0,0,0,0,25,13,1,2,6,0,34
Michael Rubin,30,1,6,7,0,0,0,0,34,17,0,0,12,9,77
Charles Tardif,35,2,9,11,0,0,0,0,36,24,172,312,5,5,88
Brendan Dumas,8,0,0,0,0,0,0,0,9,6,1,1,2,-2,21
Vitaly Levyy,9,0,1,1,0,0,0,0,15,9,1,6,3,0,31
Jeremi Tremblay,22,2,4,6,0,0,0,0,30,21,1,1,4,8,56
Daniel Ebrahim,33,3,2,5,0,0,0,0,85,49,1,4,14,-1,80
Rylee Hlusiak,13,1,1,2,0,0,0,0,16,10,1,3,2,-1,26
Ajeet Gundarah,26,0,1,1,0,0,0,0,0,0,0,0,0,0,61
Willyam Gendron,3,0,0,0,0,0,0,0,3,2,0,0,1,0,6
Luke Amell,7,1,0,1,0,0,0,0,11,8,0,0,3,0,20
Jack O'Dea,1,0,0,0,0,0,0,0,0,0,0,0,0,0,2
Aaron Bohlinger,32,3,11,14,2,0,0,1,100,34,0,0,37,11,75
Travis Treloar,38,16,20,36,9,4,0,2,168,100,262,469,26,3,83
Cooper Moore,37,1,13,14,0,0,1,0,144,57,0,0,59,10,83
Jack Ricketts,38,20,7,27,4,5,1,3,162,89,67,113,28,22,83
Davis Pennington,38,1,16,17,0,0,0,0,175,72,0,0,64,7,83
Jeremy Wilmer,38,15,26,41,5,4,0,1,113,65,17,23,24,-6,83
Victor Czerneckianair,38,7,9,16,0,0,1,1,76,46,336,593,16,23,83
Anthony Cipollone,37,0,3,3,0,0,0,0,58,28,3,9,10,-1,79
Charlie Leddy,37,1,10,11,0,0,0,0,97,41,0,0,32,17,80
Alex Power,21,1,3,4,0,1,0,0,28,15,0,1,7,0,45
Nate Benoit,23,0,2,2,0,0,0,0,30,8,0,0,13,1,45
Mason Marcellus,38,10,28,38,0,1,1,2,138,67,53,120,30,6,83
Andon Cerbone,38,15,20,35,9,2,0,0,154,92,114,188,23,4,83
Matej Marinov,17,0,1,1,0,0,0,0,0,0,0,0,0,0,34
Elliott Groenewold,38,4,8,12,0,2,0,0,129,56,0,0,49,5,83
Tyler Borgula,38,12,13,25,3,1,0,0,154,89,2,3,32,10,83
Aaron Schwartz,38,12,18,30,6,1,0,0,154,89,1,6,30,-1,83
Braden Blace,28,1,2,3,0,0,0,0,38,14,0,0,12,5,58
Chris Pelosi,38,13,11,24,2,3,1,1,149,86,240,465,25,12,83
Ryan Smith,33,2,3,5,0,0,0,0,65,31,71,131,17,-10,76
Dylan Silverstein,24,0,0,0,0,0,0,0,0,0,0,0,0,0,59
Matthew McGroarty,18,0,2,2,0,0,0,0,20,11,52,86,3,-4,40
Drew Hockley,23,1,3,4,1,0,0,0,64,26,0,0,23,3,49
Noah Altman,3,0,0,0,0,0,0,0,0,0,0,0,0,0,2
Noah Eyre,4,0,0,0,0,0,0,0,3,2,0,0,1,0,9
Chase Ramsay,3,0,0,0,0,0,0,0,0,0,1,1,0,0,4
Will Zapernick,35,3,14,17,0,0,1,0,92,55,199,404,17,-11,116
Keenan Rancier,14,0,0,0,0,0,0,0,0,0,0,0,0,0,51
Joel MÃ¤Ã¤ttÃ¤,35,9,18,27,4,1,1,2,85,51,358,644,12,5,116
Luca MÃ¼nzenberger,31,5,7,12,0,0,0,1,98,40,0,1,29,11,100
Isak Walther,33,6,11,17,1,2,0,1,103,67,3,6,13,-2,111
Timofei Spitserov,33,12,6,18,1,2,0,2,113,71,0,0,16,4,107
Simon  Jellus,35,9,12,21,2,3,0,0,149,74,45,92,36,-2,116
Philip TÃ¶rnqvist,33,2,6,8,1,0,0,0,69,27,0,0,22,-7,106
Jens Richards,25,5,2,7,0,1,0,0,58,33,0,0,13,-6,80
Dawson Good,6,0,0,0,0,0,0,0,8,4,1,1,2,-3,21
Thomas Sinclair,33,3,5,8,0,0,0,1,71,42,176,345,13,-12,110
Massimo Lombardi,34,8,10,18,1,1,0,0,106,61,9,19,22,-15,114
Sebastian TÃ¶rnqvist,31,1,17,18,1,0,0,0,148,58,0,0,60,-9,106
Daniel Sambuco,27,2,2,4,0,0,0,0,55,34,2,3,5,0,84
Jack Malinski,15,0,1,1,0,0,0,0,22,12,0,0,5,1,56
Duncan  Ramsay,32,0,3,3,0,0,0,0,50,24,0,0,14,-3,105
Charlie Kinsman,23,1,1,2,0,0,0,0,26,16,0,0,4,-4,82
Colin Kessler,34,12,11,23,5,1,0,0,159,105,84,197,29,-4,113
Jax Wismer,34,2,13,15,1,0,0,0,101,51,0,0,30,-1,113
Michael La Starza,17,2,3,5,0,0,0,0,30,15,0,0,9,-6,62
Xavier Henry,26,4,6,10,0,0,1,0,55,23,0,0,14,-12,83
Axel Mangbo,23,0,1,1,0,0,0,0,0,0,0,0,0,0,74
Blake Steenerson,31,5,8,13,1,0,0,0,72,38,2,3,17,5,103
Max Strand,33,8,14,22,4,0,0,0,82,51,161,361,11,1,108
Connor MacKenzie,3,0,0,0,0,0,0,0,0,0,0,0,0,0,13
Eli Barnett,8,0,0,0,0,0,0,0,13,6,0,0,5,6,23
Mateo Dixon,4,1,0,1,0,0,0,0,7,4,0,0,2,-4,17
Nick Ahern,3,0,1,1,0,0,0,0,9,7,0,0,1,-1,10
Mario Gasparini,6,0,1,1,0,0,0,0,1,1,0,0,0,-1,16
Matt Cato,2,0,0,0,0,0,0,0,2,2,0,0,0,-1,7
Nick Cafarelli,32,1,7,8,0,0,0,0,75,31,10,26,21,-6,124
Dimitri Mikrogiannakis,30,4,7,11,0,0,0,0,118,57,0,1,33,-6,117
Grady Hobbs,30,4,5,9,0,1,2,1,112,62,2,5,27,-18,109
Douglas Scott,28,1,1,2,0,0,0,0,44,17,0,0,12,-15,106
Tanner Andrew,34,7,9,16,1,2,0,0,122,73,6,34,26,-14,131
Gustav Blom,25,2,0,2,0,0,0,0,54,24,0,0,16,-1,86
Philippe Jacques,34,4,2,6,0,0,0,0,66,40,131,288,12,-18,131
Simon Isabelle,35,7,7,14,1,1,0,0,79,48,390,684,10,-2,133
Tyler Mahan,35,3,2,5,0,1,1,1,49,35,3,13,6,-4,133
Adam Jeffery,25,1,2,3,0,0,0,0,37,22,0,0,6,-11,98
Xavier Lapointe,27,5,10,15,3,1,0,0,131,50,0,0,48,-5,99
Tyler Fukakusa,35,9,27,36,3,0,0,1,116,63,420,747,27,-11,133
Kevin Scott,35,0,4,4,0,0,0,0,80,32,1,3,30,-19,133
Christian Catalano,33,7,16,23,1,2,0,0,214,121,2,7,55,-10,121
Crossley Stewart,24,3,3,6,0,0,0,0,87,34,0,0,38,0,93
Jakub Krbecek,18,0,1,1,0,0,0,0,0,0,0,0,0,0,71
Ty Whyte,27,2,2,4,0,0,0,0,38,21,8,18,10,-2,95
Tristan Allen,33,2,13,15,2,0,0,0,92,33,0,0,40,-22,128
Mathieu Cobetto-Roy,29,0,3,3,0,0,0,0,58,27,129,255,18,-5,120
Ryan Williams,27,0,1,1,0,0,0,0,39,18,0,0,15,-10,101
Evan Miller,28,1,1,2,0,0,0,0,33,16,16,39,8,-14,112
Trent Burnham,9,0,0,0,0,0,0,0,0,0,0,0,0,0,41
Matthew Wilde,27,18,14,32,5,2,0,1,175,95,2,7,40,-7,107
Ethan David,12,0,0,0,0,0,0,0,0,0,0,0,0,0,44
Mason Croucher,20,0,0,0,0,0,0,0,41,17,0,0,16,-1,67
Jake Peterson,35,0,1,1,0,0,0,0,51,24,0,0,15,-2,90
Clayton Cosentino,40,9,20,29,2,3,0,0,165,104,547,979,26,-11,112
Andrew DeCarlo,35,5,2,7,0,0,0,0,98,46,154,299,24,-5,94
Mitchell Digby,36,3,4,7,0,0,2,0,70,30,0,0,24,6,104
Austin Schwartz,40,12,9,21,1,4,0,3,184,109,11,35,26,-3,112
Guy Blessing,39,0,2,2,0,0,0,0,1,0,0,0,0,0,110
Holt Oliphant,38,2,7,9,0,0,0,1,108,56,5,9,20,-1,107
Chris Hedden,39,11,15,26,3,1,1,0,338,148,1,1,106,-16,109
Sam Jacobs,17,1,2,3,0,0,0,0,29,18,0,0,4,1,49
Owen Dubois,34,3,3,6,2,0,0,0,67,36,182,345,13,-9,92
Nick Remissong,36,4,11,15,0,2,0,0,103,55,4,12,20,-9,98
Nolan Cunningham,40,5,13,18,3,0,0,0,201,84,0,0,79,-15,112
Will Staring,39,1,8,9,1,0,0,0,214,81,0,0,65,-8,110
Brendan Gibbons,39,9,9,18,1,0,0,0,181,95,7,9,31,-14,110
Ethan  Ullrick,13,1,0,1,0,1,0,0,29,17,0,2,6,-5,49
Sam Stitz,39,8,8,16,2,1,0,0,106,63,3,5,15,2,110
Ren Morque,39,0,7,7,0,0,0,0,85,44,0,0,21,9,109
Michael Kadlecik,22,0,3,3,0,0,0,0,40,18,56,98,9,-6,66
Beau Janzig,40,0,5,5,0,0,0,0,115,49,0,1,37,-7,112
Will Dawson,33,2,8,10,0,0,0,0,94,58,0,0,21,0,92
Mason McCormick,35,5,5,10,1,3,0,0,116,72,298,570,20,-7,101
James Callahan,5,0,0,0,0,0,0,0,3,2,0,0,0,-3,21
Anthony Yu,29,3,4,7,1,1,0,0,72,38,0,1,13,-7,70
Nick Sajevic,20,2,5,7,0,0,0,0,61,33,44,94,17,0,56
Carter Clafton,3,0,0,0,0,0,0,0,0,0,0,0,0,0,17
Will Jones,2,0,0,0,0,0,0,0,4,0,0,0,2,1,3
Jasper Lester,12,0,0,0,0,0,0,0,23,10,0,0,8,0,36
Luke Mylymok,10,1,1,2,1,0,0,0,19,13,1,3,4,-9,31
Braden Doyle,37,1,9,10,1,0,0,0,87,46,0,0,22,4,109
Noah Carlin,37,4,3,7,0,0,0,1,79,41,0,0,24,1,109
Brett Roloson,25,1,7,8,0,0,0,0,20,12,47,105,4,1,74
Kyler Kleven,26,3,6,9,0,0,0,0,42,26,4,7,11,-4,73
Alex Murray,37,3,14,17,1,0,0,0,130,68,0,0,42,-2,109
Jay Ahearn,36,19,20,39,3,4,1,1,197,120,2,5,47,6,107
Jonathan Ziskie,6,1,0,1,0,0,0,0,9,6,0,0,1,-1,25
Lane Brockhoff,15,0,1,1,0,0,0,0,28,13,0,0,10,0,49
Grayson Dietrich,32,5,6,11,0,1,1,0,60,34,4,9,13,5,95
Glebs Prohorenkovs,37,9,22,31,1,3,0,2,116,71,410,737,28,15,109
Johnny Wescoe,25,1,2,3,0,0,0,0,54,34,3,10,7,-4,72
Noah Hackett,36,11,7,18,4,3,0,0,151,89,11,20,31,-1,105
Ross RolosonÂ ,37,3,11,14,0,0,0,0,126,64,0,0,40,4,109
Tyler Wallace,37,14,12,26,6,2,0,1,192,112,478,874,43,5,109
Deivs Rolovs,2,0,0,0,0,0,0,0,0,0,0,0,0,0,8
Nathan Oickle,37,3,6,9,0,0,0,0,110,47,0,1,47,9,109
Trevor Hoskin,36,12,27,39,2,1,0,0,123,77,9,25,28,7,105
Andy Reist,32,1,7,8,0,0,0,0,132,72,209,351,29,-12,92
Spencer Young,34,7,5,12,0,0,1,1,70,48,109,219,10,5,103
Pierce Charleson,34,0,0,0,0,0,0,0,0,0,0,0,0,0,98
Drew Vieten,20,2,3,5,0,0,0,0,19,12,30,48,3,6,64
Lars RÃ¸dne,29,10,4,14,3,0,0,1,143,84,0,1,33,2,83
Shane Ott,35,9,25,34,1,3,1,0,150,101,6,12,23,6,100
Ray Murakami,16,2,2,4,0,0,0,0,24,12,0,0,8,6,44
Ethan Lund,26,2,5,7,0,1,0,0,66,32,0,0,20,10,75
Rainers Darzins,3,0,0,0,0,0,0,0,0,0,0,0,0,-2,8
Mitchell Day,1,0,0,0,0,0,0,0,0,0,0,0,0,0,3
Nicklas Andrews,37,2,16,18,0,0,0,1,101,48,0,0,32,28,77
Red Savage,20,5,6,11,0,0,1,1,57,35,96,187,7,6,36
David Gucciardi,37,6,10,16,0,0,1,1,181,88,0,0,54,21,77
Tanner Kelly,37,8,9,17,2,1,0,0,117,71,29,46,27,10,77
Joey Larson,37,10,14,24,3,2,0,0,204,111,0,4,40,7,77
Matt Basgall,37,6,20,26,3,1,0,0,198,89,0,1,52,9,77
Tiernan Shoudy,37,8,9,17,0,0,0,1,120,69,259,483,22,11,77
Daniel Russell,37,13,12,25,3,7,1,2,161,102,8,16,22,17,77
Karsen Dorwart,35,13,18,31,5,3,0,0,180,104,300,615,37,20,75
Charlie Stramel,37,9,18,27,1,4,1,0,136,85,381,737,25,13,77
Isaac  Howard,37,26,26,52,5,4,0,1,297,169,0,0,72,19,77
Patrick Geary,37,1,6,7,0,0,0,0,134,52,0,0,49,4,77
Austin Oravetz,11,0,3,3,0,0,0,0,13,5,0,0,2,4,24
Tommi MÃ¤nnistÃ¶,37,3,8,11,0,0,1,0,132,67,0,1,27,13,77
Griffin Jurecki,24,0,2,2,0,0,0,0,69,50,0,0,6,-2,52
Luca Di Pasquo,7,0,0,0,0,0,0,0,0,0,0,0,0,0,12
Owen West,34,0,3,3,0,0,0,0,69,33,0,0,21,9,67
Vladislav Lukashevich,29,1,6,7,0,0,0,0,51,26,0,0,17,11,61
Mikey DeAngelo,33,3,6,9,0,0,0,0,64,33,116,250,12,3,69
Shane Vansaghi,37,6,10,16,2,2,0,0,97,55,16,33,15,10,77
Trey Augustine,30,0,3,3,0,0,0,0,0,0,0,0,0,0,65
Maxim Å trbÃ¡k,33,3,16,19,0,0,0,0,138,56,0,0,43,6,70
Gavin O'Connell,28,6,7,13,0,2,0,0,88,57,4,7,10,5,56
Nathan Mackie,9,0,1,1,0,0,0,0,11,7,19,32,2,-1,21
Tim Lovell,10,0,2,2,0,0,0,0,21,10,0,0,9,0,22
Jacob Truscott,36,3,13,16,3,0,0,0,129,59,0,0,49,-2,118
Philippe Lapointe,34,6,6,12,0,0,0,1,51,30,2,7,9,3,112
Thomas Daskas,14,1,0,1,0,1,0,0,13,4,0,0,5,-4,53
Ethan Edwards,36,5,16,21,4,1,0,0,171,91,0,0,48,-2,118
Mark Estapa,35,2,10,12,1,0,0,0,90,49,304,542,13,-4,116
Tyler Duke,29,5,8,13,0,0,0,1,88,37,0,0,32,0,95
Josh Eernisse,36,1,10,11,0,0,0,1,106,56,1,8,18,0,118
T.J. Hughes,36,15,23,38,9,1,0,0,204,116,380,723,43,4,118
Jackson Hallum,36,8,10,18,1,2,0,1,127,71,6,16,31,-1,118
Kienan Draper,33,7,2,9,0,1,0,0,81,46,183,393,13,-4,105
Luca Fantilli,34,1,5,6,0,0,0,0,78,30,0,0,26,-4,111
Evan Werner,33,11,10,21,2,2,0,0,148,90,0,2,30,-12,103
Nick Moldenhauer,29,3,7,10,0,0,0,1,75,34,16,26,15,2,89
Garrett Schifsky,36,11,9,20,1,4,3,1,164,87,49,104,43,0,118
William Whitelaw,35,11,7,18,4,2,0,0,174,97,5,12,36,6,114
Hunter Hady,30,0,1,1,0,0,0,0,34,10,0,0,9,-2,102
Dakoda RhÃ©aume-Mullen,34,3,6,9,0,0,0,0,57,28,0,0,16,-5,111
Michael Hage,33,13,21,34,2,4,0,0,135,74,169,372,40,-10,106
Cameron Korpi,19,0,0,0,0,0,0,0,0,0,0,0,0,0,69
Andrew Albano,1,0,0,0,0,0,0,0,0,0,0,0,0,0,5
Logan Stein,23,0,1,1,0,0,0,0,0,0,0,0,0,0,80
Christian Humphreys,10,0,1,1,0,0,0,0,20,8,14,29,10,-2,34
Tanner Rowe,19,0,0,0,0,0,0,0,32,13,5,20,15,-5,65
Will Felicio,24,2,9,11,0,0,0,0,32,15,0,0,14,12,85
Josh Orrico,7,0,0,0,0,0,0,0,7,3,0,0,2,-3,25
Will Horcoff,18,4,6,10,3,0,0,1,75,44,3,8,12,-4,66
Jimmy Dowd Jr.,27,1,9,10,0,0,0,0,86,41,0,0,29,-5,84
Tyler Paquette,38,3,5,8,0,0,1,0,58,35,2,7,9,-11,112
Simon Mack,40,3,27,30,0,2,0,0,188,82,0,0,53,23,120
Carson Dyck,28,1,2,3,0,1,0,0,16,13,29,55,1,-1,89
Ben Schoen,37,7,13,20,4,0,0,0,85,48,108,217,14,-9,111
Danny Dzhaniyev,40,12,19,31,4,0,0,0,219,119,83,142,37,-3,120
Arsenii Sergeev,33,0,2,2,0,0,0,0,0,0,0,0,0,0,92
Carter Schade,35,0,9,9,0,0,0,0,128,55,0,0,35,-1,112
Alex Servagno,17,0,1,1,0,0,0,0,27,14,1,1,5,0,51
Jarod Crespo,36,2,5,7,0,0,1,0,87,37,1,1,27,-10,107
Matt DiMarsico,39,17,15,32,4,4,0,0,263,153,6,9,57,12,119
Aiden Fink,40,23,30,53,8,4,2,3,252,144,1,3,49,15,120
Dane Dowiak,40,12,8,20,3,1,2,1,113,64,288,490,20,4,120
Reese Laubach,35,15,15,30,2,3,1,1,168,95,143,310,27,9,105
Keaton Peters,35,2,4,6,0,1,0,0,65,38,246,448,12,-13,109
Nick Fascia,27,0,3,3,0,0,0,0,51,16,0,0,24,-6,83
Charlie Cerrato,38,15,27,42,2,2,0,0,151,94,388,678,30,16,112
Nicholas DeGraves,33,4,5,9,0,0,0,0,43,28,77,152,9,3,97
JJ Wiebusch,40,14,19,33,5,2,0,0,136,83,1,5,21,13,120
Cade Christenson,39,2,7,9,0,0,0,1,94,45,0,1,31,23,119
Dylan Lugris,34,4,8,12,1,1,0,0,84,48,0,3,17,-8,95
Casey Aman,36,1,6,7,0,1,0,0,85,45,0,0,24,-1,110
Braedon Ford,14,1,0,1,0,0,1,0,10,6,14,33,2,-2,44
Jason Gallucci,12,0,0,0,0,0,0,0,22,12,0,0,7,1,21
John Seifarth,6,0,0,0,0,0,0,0,0,0,0,0,0,0,22
Noah Grannan,3,0,0,0,0,0,0,0,0,0,0,0,0,0,22
Owen Lindmark,37,5,4,9,2,0,1,0,95,54,363,601,17,-13,110
Anthony Kehrer,35,1,11,12,0,0,0,0,94,45,0,0,26,13,106
Cody Laskosky,27,7,4,11,1,1,1,1,76,42,1,4,18,6,68
Ryland Mosley,37,18,19,37,4,0,0,0,188,117,12,23,26,-2,110
Daniel Laatsch,22,2,3,5,0,2,0,0,57,28,0,1,15,1,56
Tommy Scarfone,32,0,1,1,0,0,0,0,0,0,0,0,0,0,94
Tyson Dyck,37,3,10,13,0,2,0,0,135,77,37,82,25,3,110
Kyle Kukkonen,37,10,9,19,3,2,0,1,160,101,1,2,27,-1,110
Christian Fitzgerald,37,6,11,17,1,1,0,0,156,79,191,409,32,-11,110
Jack Horbach,34,3,6,9,0,0,1,0,80,42,10,18,15,8,98
Simon Tassy,31,6,5,11,1,2,0,0,110,60,4,9,14,-11,102
Zach Schulz,28,2,9,11,0,1,0,0,77,30,0,0,24,0,80
Joe Palodichuk,25,1,3,4,1,0,0,0,52,19,0,0,19,-7,81
Owen Mehlenbacher,25,4,2,6,1,1,0,0,56,33,54,100,10,-2,72
Quinn Finley,37,20,20,40,8,1,0,1,287,139,2,13,75,-2,110
Sawyer Scholl,34,3,6,9,0,0,0,0,83,50,100,202,12,3,102
Gavin Morrissey,37,9,23,32,3,0,0,0,125,72,437,759,26,4,110
Jack Phelan,36,0,4,4,0,0,0,0,54,31,0,0,15,0,108
Ryan Botterill,31,4,3,7,1,0,0,0,104,56,0,0,23,-12,103
Adam Pietila,31,1,2,3,0,0,0,0,56,28,2,3,12,0,90
Ben Dexheimer,35,1,16,17,0,0,0,0,158,80,0,0,46,-16,107
Logan Hensler,32,2,10,12,1,0,0,0,102,50,0,0,37,-13,96
Weston Knox,10,0,3,3,0,0,0,0,11,7,0,0,2,1,32
William Gramme,8,0,0,0,0,0,0,0,0,0,0,0,0,0,30
Luke Buss,5,0,0,0,0,0,0,0,5,2,0,0,1,-2,12
Mike Koster,40,4,16,20,3,1,0,1,101,44,0,0,30,9,101
Mason Nevers,33,6,3,9,0,1,0,0,52,30,4,9,13,2,87
Aaron Huglen,38,5,14,19,1,0,0,0,106,48,274,518,22,4,96
Matthew Wood,39,17,22,39,3,2,0,1,214,123,35,61,39,19,98
Ryan Chesley,40,8,12,20,0,2,1,0,203,97,0,0,54,17,101
Connor Kurth,40,18,21,39,2,4,0,2,176,103,0,1,33,31,101
Brody Lamb,39,17,9,26,8,2,1,2,139,83,16,38,21,1,98
Luke Mittelstadt,40,2,16,18,1,0,0,0,141,65,0,0,33,23,101
Jimmy Snuggerud,40,24,27,51,5,2,0,2,317,161,8,27,81,13,101
Cal Thomas,27,1,8,9,0,0,0,0,63,27,0,0,16,11,67
Sam Rinzel,40,10,22,32,3,2,0,1,213,95,0,0,61,20,101
Oliver Moore,38,12,21,33,2,1,0,2,165,108,355,674,17,13,97
Jimmy Clark,39,5,17,22,1,1,0,1,145,79,239,516,31,15,97
Nathan Airey,19,0,1,1,0,0,0,0,0,0,0,0,0,0,55
John Whipple,29,0,3,3,0,0,0,0,34,14,0,0,6,4,64
August Falloon,22,2,3,5,0,1,0,0,40,20,0,2,12,0,57
Beckett Hendrickson,39,3,9,12,0,0,0,0,105,61,0,3,17,-1,98
Leo Gruba,40,1,2,3,0,1,0,0,93,45,0,0,29,7,101
Erik PÃ¥hlsson,30,3,15,18,0,1,1,1,91,64,105,311,13,7,78
Brodie Ziemer,38,12,11,23,1,2,0,2,157,89,3,10,37,6,97
Nick Michel,10,1,3,4,0,0,0,0,14,10,0,0,3,5,23
John Mittelstadt,35,3,5,8,0,2,0,0,59,33,105,205,7,5,89
Axel Begley,15,0,0,0,0,0,0,0,10,4,0,0,4,1,37
Liam Souliere,25,0,1,1,0,0,0,0,0,0,0,0,0,0,68
Joe Dunlap,39,8,14,22,2,1,0,0,179,107,1,1,40,3,104
Gunnarwolfe Fontaine,40,17,23,40,6,2,0,1,190,107,4,5,36,6,106
Aiden Hansen-Bukata,38,2,29,31,1,1,0,0,99,55,0,0,18,11,99
Brent Johnson,38,5,8,13,0,1,0,0,110,51,0,2,33,-6,101
Caden Brown,2,1,1,2,0,1,0,0,3,2,9,19,0,2,5
Logan Terness,25,0,1,1,0,0,0,0,0,0,0,0,0,0,74
Davis Burnside,40,14,19,33,4,2,0,2,165,100,1,5,38,8,106
Jake Dunlap,20,0,4,4,0,0,0,0,64,37,1,2,13,1,57
Damien Carfagna,38,7,21,28,2,1,1,1,159,86,0,0,40,16,100
Riley Thompson,40,17,16,33,6,3,1,2,171,123,327,735,17,12,106
Nathan McBrayer,40,4,6,10,1,0,0,0,121,47,0,0,36,9,106
Max Montes,40,14,12,26,0,4,0,1,157,93,239,472,35,3,106
Sam Deckhut,37,6,8,14,0,1,0,0,65,40,80,192,14,7,99
Ryan Gordon,39,5,8,13,0,1,0,0,74,47,203,390,11,-1,105
Theo Wallberg,27,0,8,8,0,0,0,0,42,22,0,0,15,13,72
Chris Able,32,0,9,9,0,0,0,0,34,14,0,0,10,10,87
Jake Rozzi,33,5,7,12,0,3,0,0,61,40,0,1,12,-2,91
Noah Powell,17,2,3,5,0,0,0,0,50,21,4,4,15,0,36
James Hong,34,4,9,13,0,0,0,0,80,54,10,23,9,2,90
Nathan Lewis,27,2,4,6,0,0,0,0,45,26,2,4,9,2,66
Thomas Weis,35,2,5,7,0,0,0,0,61,31,1,5,17,8,93
Kristoffer Eberly,17,0,0,0,0,0,0,0,0,0,0,0,0,0,40
William Smith,36,3,3,6,0,1,0,0,113,52,0,1,31,-2,99
Dylan Godbout,14,0,1,1,0,0,0,0,14,7,0,2,2,-2,39
Patrick Guzzo,36,9,7,16,0,2,0,1,99,60,308,622,13,8,100
Chris Romaine,9,0,0,0,0,0,0,0,16,8,0,0,3,2,17
John Larkin,6,0,0,0,0,0,0,0,11,5,0,0,3,0,15
Tyler Coffey,23,4,2,6,0,1,0,0,87,35,2,5,24,-3,70
Ty Gallagher,37,9,17,26,2,0,1,1,248,110,0,0,74,7,113
Stanley Cooley,37,6,6,12,1,2,0,0,108,72,280,523,14,-17,113
Ryan Beck,26,0,7,7,0,0,0,0,60,28,18,28,11,-13,80
Ethan Straky,32,0,6,6,0,0,0,0,89,34,0,1,31,-6,97
Noah Laba,29,10,16,26,0,2,0,1,114,61,279,487,23,10,96
Gleb Veremyev,37,9,8,17,2,0,0,0,116,65,2,8,26,5,113
Kaidan Mbereko,31,0,0,0,0,0,0,0,0,0,0,0,0,0,88
Charlie Strobel,6,0,1,1,0,0,0,0,18,9,0,0,4,3,9
Zaccharya Wisdom,36,8,13,21,0,2,0,0,136,81,2,9,29,3,104
Max Burkholder,37,6,20,26,3,1,0,0,165,59,0,0,59,-2,113
Bret Link,37,7,14,21,2,2,0,0,161,88,15,42,25,5,113
Tyler Dunbar,14,0,1,1,0,0,0,0,35,16,0,0,10,1,30
Klavs Veinbergs,36,9,10,19,4,0,0,1,110,60,308,522,23,-8,113
Drew Montgomery,34,10,8,18,1,4,0,0,99,50,33,82,19,9,97
Brady Cleveland,37,1,2,3,0,1,0,0,67,31,0,0,25,-3,113
Philippe Blais-Savoie,30,4,11,15,1,2,0,0,118,61,0,0,26,4,102
Owen Beckner,37,7,20,27,2,0,0,0,84,48,117,225,17,8,113
Fisher Scott,34,3,7,10,0,1,0,0,78,30,1,2,25,0,107
Gavin Lindberg,37,5,5,10,1,0,0,0,78,52,119,214,6,-11,113
Riley Stuart,21,1,0,1,0,0,0,0,30,20,21,50,6,-7,64
Ryan Koering,30,1,2,3,0,0,0,0,67,34,0,0,19,-7,93
Chase McLane,33,5,5,10,0,0,0,0,59,35,32,56,14,1,108
Carsen Musser,9,0,0,0,0,0,0,0,0,0,0,0,0,0,37
Tommy Middleton,21,1,4,5,0,0,0,0,38,19,2,6,9,-7,71
Jordan Brisson,1,0,0,0,0,0,0,0,1,0,0,0,1,-1,2
Henry Wilder,2,0,0,0,0,0,0,0,0,0,0,0,0,0,13
Connor Caponi,42,5,4,9,0,1,0,1,68,39,133,236,16,8,89
Carter King,44,21,22,43,8,4,2,2,198,116,539,979,38,17,94
Jack Devine,44,13,44,57,5,0,0,1,250,148,1,3,40,16,94
Matt Davis,40,0,1,1,0,0,0,0,0,0,0,0,0,0,84
Samu Salminen,44,10,18,28,1,0,2,0,102,59,325,586,17,21,94
Aidan Thompson,44,21,34,55,7,3,0,1,293,164,37,54,50,16,94
Rieger Lorenz,44,6,14,20,2,1,0,0,150,86,11,22,25,14,94
Jared Wright,44,9,8,17,0,1,0,0,119,75,2,4,19,17,94
Kent Anderson,44,1,7,8,0,1,0,0,93,32,0,0,35,13,94
Eric Pohlkamp,44,11,23,34,3,1,0,1,316,151,0,0,73,31,94
Cale Ashcroft,44,4,8,12,0,3,0,0,98,45,0,0,24,8,94
Garrett Brown,42,2,6,8,0,0,0,0,59,29,0,0,13,9,91
Boston Buckberger,41,9,21,30,0,1,0,1,178,71,1,1,50,30,89
Kieran Cebrian,44,6,9,15,0,1,0,0,99,48,386,725,22,12,94
Zeev Buium,41,13,35,48,3,4,0,3,189,88,0,0,52,17,90
Sam Harris,43,23,12,35,11,7,0,0,192,126,3,17,29,14,93
Tory Pitner,40,0,1,1,0,0,0,0,9,4,0,1,4,3,87
Hagen Burrows,39,1,8,9,0,0,0,0,43,33,0,0,6,5,88
Jake Fisher,42,8,7,15,1,0,0,0,97,56,77,183,22,8,88
James Reeder,44,11,11,22,5,3,0,0,103,59,2,5,25,17,94
Alex Weiermair,9,0,2,2,0,0,0,0,12,5,2,4,1,3,16
Peter LaJoy,5,0,0,0,0,0,0,0,1,1,0,0,0,0,9
Freddie Halyk,9,0,0,0,0,0,0,0,0,0,0,0,0,0,20
Colby Ambrosio,34,7,13,20,2,0,0,0,132,65,46,98,33,-32,143
Hampus Rydqvist,28,2,3,5,0,0,0,0,85,42,3,3,18,-12,117
Dylan Moulton,33,3,4,7,0,0,0,0,82,54,2,7,10,-28,139
Brett Miller,7,0,0,0,0,0,0,0,0,0,0,0,0,0,36
Christophe Fillion,34,4,6,10,1,0,0,1,88,52,38,83,17,-25,143
Conner Hutchison,33,2,7,9,0,0,0,0,110,47,1,1,36,-10,138
Matt Choupani,34,6,10,16,2,1,0,0,90,49,8,37,17,-18,143
Spencer Cox,20,1,3,4,0,0,0,0,47,21,1,2,14,-16,91
Brayden Morrison,23,0,2,2,0,0,0,0,21,11,67,146,3,-9,104
Blake Mesenburg,34,4,3,7,0,0,1,0,53,40,128,295,7,-16,143
Max Dukovac,25,5,5,10,2,0,0,0,52,33,1,6,11,-14,96
Zane Demsey,28,1,2,3,0,0,0,0,37,11,0,0,16,-11,107
Frankie Carogioiello,32,1,1,2,0,0,0,0,31,13,4,11,10,-12,136
Johnny Waldron,28,4,16,20,3,0,0,0,83,46,156,354,18,-19,111
Raimonds Vitolins,31,4,10,14,1,0,1,0,75,47,126,242,14,-13,130
Rihards SimanoviÄs,34,1,3,4,0,0,0,0,56,26,1,1,20,-15,143
Bruno Bruveris,19,0,1,1,0,0,0,0,0,0,0,0,0,0,84
Michael Quinn,34,2,10,12,1,0,0,0,106,50,0,0,32,-26,143
John Emmons,21,1,0,1,0,0,0,0,34,14,85,190,11,-14,103
Casper Nassen,34,6,4,10,4,1,0,0,94,52,1,3,19,-22,143
Michael Feenstra,12,1,2,3,0,0,0,0,12,6,0,0,2,-7,56
Teodor Forssander,11,0,0,0,0,0,0,0,7,3,2,4,2,-5,51
Ethan Dahlmeir,14,0,1,1,0,0,0,0,0,0,0,0,0,0,64
William HallÃ©n,9,2,0,2,0,1,0,0,14,9,19,37,2,-4,34
Tanyon Bajzer,14,0,0,0,0,0,0,0,11,5,1,2,4,-5,48
Nick Donato,13,0,0,0,0,0,0,0,20,6,0,2,8,-8,59
Artur Turansky,11,0,1,1,0,0,0,0,17,8,0,1,5,-6,46
Joe Molenaar,31,3,3,6,0,0,1,0,75,45,2,8,14,-8,103
Luke Bast,12,0,1,1,0,0,0,0,8,2,0,0,3,-5,41
Dominic  James,35,14,16,30,5,3,0,0,193,108,377,723,35,5,113
Owen Gallatin,36,4,11,15,0,1,0,1,153,78,0,0,46,-8,117
Carter Loney,33,3,5,8,0,1,0,0,70,42,45,115,14,-10,109
Kyle Bettens,32,1,5,6,0,0,0,0,43,25,6,12,9,-9,105
Aiden Dubinsky,36,4,10,14,0,0,0,0,106,46,0,0,31,-2,117
Joey Pierce,36,1,4,5,0,0,0,0,117,67,0,0,27,5,117
Jack Smith,33,4,5,9,0,2,0,0,78,48,204,429,14,-10,105
Zach Sandy,4,0,0,0,0,0,0,0,0,0,0,0,0,0,19
Aaron Pionk,36,3,23,26,1,1,0,0,155,75,0,0,42,1,117
Anthony Menghini,34,12,7,19,3,2,0,1,172,107,1,3,32,6,111
Matthew Perkins,29,1,4,5,0,0,0,0,69,38,14,29,13,-7,98
Ty Hanson,36,4,10,14,1,0,1,0,121,53,0,0,36,-8,117
Adam Kleber,33,2,3,5,0,0,0,0,89,60,0,0,13,-9,111
Max Plante,23,9,19,28,3,1,0,0,134,73,5,15,32,5,78
Jayson Shaugabay,36,12,14,26,5,0,0,0,91,60,14,29,14,-3,117
Blake Bechen,34,5,4,9,0,1,0,0,62,39,2,7,8,-3,107
Callum Arnott,36,6,4,10,4,0,0,0,88,60,119,285,11,-16,117
Zam Plante,33,7,13,20,2,0,0,0,165,97,213,390,23,1,108
Riley Bodnarchuk,12,0,0,0,0,0,0,0,7,2,0,0,1,1,36
Harper Bentz,27,2,7,9,1,0,0,0,71,38,3,6,12,3,82
Adam Gajan,21,0,0,0,0,0,0,0,0,0,0,0,0,0,75
Trevor Stachowiak,2,0,0,0,0,0,0,0,1,1,0,0,0,-2,8
Braden  Fischer,19,2,3,5,0,1,0,0,22,14,26,63,4,0,56
Klayton Knapp,16,0,0,0,0,0,0,0,0,0,0,0,0,0,52
Will Francis,4,0,0,0,0,0,0,0,4,4,0,0,0,-3,15
Nolan Krenzen,36,0,11,11,0,0,0,0,78,38,0,0,19,5,99
Jimmy Glynn,35,8,7,15,4,1,0,0,92,59,246,506,18,-2,98
Brock Bremer,36,4,8,12,2,0,0,0,111,72,2,9,21,-3,99
Brady Risk,36,13,12,25,7,3,0,1,113,60,9,18,19,6,99
Harrison Israels,34,10,15,25,3,1,1,0,91,65,272,497,8,12,93
Aiden Gallacher,6,0,1,1,0,0,0,0,11,4,0,0,4,0,11
Sam Stange,36,16,18,34,1,3,1,2,135,82,4,13,27,14,99
Zach Urdahl,33,12,10,22,1,2,0,3,153,94,3,5,34,4,95
Garrett Pinoniemi,29,1,2,3,0,0,0,0,47,30,57,122,10,-5,74
Jacob Slipec,33,1,3,4,0,0,0,0,47,29,11,37,5,-10,92
Jacob Guevin,36,7,13,20,2,1,0,0,155,86,1,1,41,4,99
Noah Ellis,26,1,3,4,0,0,0,0,47,21,0,1,13,-10,78
Griffin Ludtke,36,2,11,13,0,1,0,0,94,48,0,0,26,0,99
Tyler Rollwagen,36,3,12,15,3,0,0,0,79,52,115,246,10,-15,99
Dylan Gratton,36,2,12,14,0,1,0,0,92,38,0,0,30,-2,99
Charlie Lurie,20,4,6,10,3,0,0,0,82,45,1,3,13,-7,51
Marcus Broberg,27,1,8,9,0,0,0,0,52,28,0,0,14,6,78
Myles Hilman,25,6,6,12,0,1,0,1,82,51,2,4,11,14,63
Kevin Reidler,8,0,0,0,0,0,0,0,0,0,0,0,0,3,32
Simon Latkoczy,31,0,0,0,0,0,0,0,0,0,0,0,0,0,89
Tanner Ludtke,8,1,1,2,0,1,0,0,43,21,6,8,11,-1,22
Joe Gramer,32,0,4,4,0,0,0,0,31,14,0,1,7,1,87
Isaiah Norlin,16,0,1,1,0,0,0,0,24,14,0,0,7,-2,39
Chase LaPinta,19,3,1,4,0,1,0,0,46,29,2,5,8,-4,53
Alexi Van Houtte-Cachero,4,0,0,0,0,0,0,0,5,3,2,4,0,-2,8
Liam Watkins,15,2,2,4,0,1,0,0,21,15,67,123,2,-7,47
Will Craig,1,0,0,0,0,0,0,0,0,0,0,0,0,0,1
Gavin Enright,10,0,0,0,0,0,0,0,0,0,0,0,0,0,37
Mason Salquist,36,3,4,7,0,2,0,0,88,47,368,643,17,-7,110
Josh Luedtke,36,3,5,8,1,0,0,0,129,71,0,0,31,-14,110
Nick Portz,33,4,1,5,0,0,0,0,58,31,1,6,10,-11,102
Karl Falk,28,0,4,4,0,0,0,0,44,21,0,0,8,-3,78
Ryan Rosborough,28,1,0,1,0,1,0,0,58,36,90,227,7,-7,71
Josh Zinger,33,4,4,8,0,1,0,0,111,58,0,0,28,-13,99
Adam Ingram,29,2,6,8,1,0,0,0,83,45,0,0,20,-4,90
Grant Ahcan,36,5,6,11,0,1,2,1,77,37,1,6,17,-3,110
Ethan AuCoin,23,3,2,5,0,0,0,0,45,32,3,5,7,-3,82
Mason Reiners,36,0,3,3,0,0,0,0,80,38,0,1,20,2,110
Cooper Wylie,26,2,6,8,1,1,0,0,105,42,0,0,34,1,64
Daimon Gardner,32,5,9,14,0,1,0,0,75,49,9,16,11,0,98
Warren Clark,20,1,3,4,0,0,0,0,27,16,0,0,7,-2,65
Jack Reimann,35,1,3,4,0,0,0,0,79,45,41,96,16,-9,108
Tyson Gross,36,9,16,25,4,1,0,0,141,81,337,618,26,-5,110
Barrett Hall,34,7,15,22,1,1,0,0,137,67,6,17,34,-10,101
Verner Miettinen,36,8,13,21,2,1,0,0,98,56,296,543,23,-5,110
Thor Byfuglien,24,1,2,3,0,1,0,0,23,8,0,0,8,-13,76
Gavyn Thoreson,36,6,4,10,0,0,0,0,109,63,2,7,23,-6,110
Kaleb Tiessen,11,0,0,0,0,0,0,0,13,10,0,0,3,-3,48
Isak Posch,22,0,0,0,0,0,0,0,0,0,0,0,0,0,57
Colin Ralph,35,1,7,8,0,1,0,0,73,36,0,0,17,-4,109
Austin Burnevik,35,13,15,28,6,2,0,0,224,110,0,2,66,-15,109
James Gray,6,0,0,0,0,0,0,0,0,0,0,0,0,0,28
Jack Rogers,4,0,1,1,0,0,0,0,4,2,1,1,1,-1,8
Robby Drazner,42,5,9,14,0,0,0,0,72,33,0,0,25,18,86
Brian Kramer,42,2,15,17,1,0,0,0,150,70,0,1,45,28,86
Cameron Rowe,17,0,1,1,0,0,0,0,0,0,0,0,0,0,35
Cam Knuble,41,5,10,15,0,0,0,0,55,36,133,296,9,15,83
Tim Washe,42,16,22,38,3,8,0,1,160,101,483,766,15,22,86
Matteo Costantini,40,8,15,23,5,1,0,1,133,91,227,432,21,10,83
Wyatt Schingoethe,31,5,6,11,0,1,0,0,48,32,1,4,7,10,67
Liam Valente,42,14,19,33,8,1,0,0,238,125,1,1,62,8,86
Tristan Lemyre,42,6,8,14,0,2,0,1,85,62,3,7,8,2,86
Samuel Sjolund,42,4,25,29,0,0,0,2,138,66,0,0,31,19,86
Grant Slukynsky,42,10,26,36,1,2,0,0,174,110,245,497,31,19,86
Cole Crusberg-Roseen,42,3,9,12,0,0,0,0,161,60,0,0,68,25,86
Alex Bump,42,23,24,47,7,4,0,2,414,248,1,4,87,11,86
Owen Michaels,42,18,18,36,2,2,1,2,170,105,318,609,28,27,86
Jack Mesic,4,0,0,0,0,0,0,0,6,6,0,0,0,0,7
Zach Nehring,42,13,17,30,2,2,0,0,128,82,1,3,20,18,86
Zack Sharp,42,5,4,9,0,2,0,0,125,60,0,0,32,19,86
Ty Henricks,41,8,5,13,0,1,0,0,91,50,2,4,23,16,83
Iiro Hakkarainen,42,13,16,29,0,4,0,1,147,77,3,13,32,21,86
Joona VÃ¤isÃ¤nen,42,4,22,26,0,2,0,0,99,51,0,0,29,24,86
Ethan Wolthers,9,2,2,4,0,1,0,0,8,4,0,0,3,-1,15
Garrett Szydlowski,39,3,7,10,0,1,0,0,59,33,0,10,12,11,82
Hampton Slukynsky,25,0,1,1,0,0,0,0,0,0,0,0,0,0,51
Ean Somoza,2,0,0,0,0,0,0,0,2,1,1,4,1,0,2
John Spetz,35,1,11,12,1,0,0,0,126,56,3,29,36,14,86
Hudson Schandor,37,10,31,41,3,2,1,1,114,72,299,605,16,21,90
Nick Carabin,39,3,6,9,0,0,0,0,102,60,0,0,26,7,97
Thomas Messineo,39,1,8,9,0,0,0,0,83,42,0,0,22,19,97
Jake Percival,39,9,10,19,1,1,2,0,128,87,0,7,14,5,97
Tabor Heaslip,39,8,12,20,0,1,2,2,122,73,220,431,20,3,97
Tristan Fraser,39,4,8,12,0,1,0,0,78,45,29,60,16,0,97
Ryan Tattle,39,18,14,32,3,4,3,3,191,118,318,598,36,10,97
Joey Muldowney,39,29,18,47,5,6,1,6,242,142,11,32,45,27,97
Jake Richard,34,15,28,43,7,3,0,0,137,84,1,2,24,25,82
Viking Gustafsson Nyberg,39,1,10,11,0,0,0,0,85,36,0,0,30,9,97
Kai Janviriya,39,0,14,14,0,0,0,0,93,48,0,0,27,5,97
Ethan Gardula,36,8,10,18,2,2,0,0,77,50,2,7,16,-2,95
Kaden Shahan,39,9,5,14,1,0,0,0,170,98,3,11,34,-4,97
Trey Scott,36,3,14,17,2,1,0,0,133,67,1,1,33,4,89
Mike Murtagh,27,0,1,1,0,0,0,0,45,33,2,6,2,-7,78
Filip Sitar,31,1,2,3,0,1,0,0,44,28,129,229,6,-5,75
Callum Tung,16,0,0,0,0,0,0,0,0,0,0,0,0,-1,38
Ethan Whitcomb,39,6,5,11,2,1,0,0,85,52,159,386,15,3,97
Hugh Larkin,31,3,2,5,0,0,0,0,36,20,1,3,7,-4,81
Thomas Heaney,3,0,0,0,0,0,0,0,0,0,0,0,0,0,12
Jack Pascucci,9,0,1,1,0,0,0,0,8,0,0,0,6,2,24
Tyler Muszelik,23,0,2,2,0,0,0,0,1,1,0,0,0,0,59
Oliver Flynn,8,1,0,1,0,0,0,0,8,6,0,2,2,1,22
Owen Simpson,4,0,2,2,0,0,0,0,8,4,0,0,3,2,10
Huston Karpman,15,0,0,0,0,0,0,0,6,2,4,7,0,0,31
Carter Wilkie,38,9,9,18,1,2,0,2,163,94,273,513,30,0,111
Jake Schmaltz,38,6,10,16,2,1,0,0,91,49,361,652,16,2,111
Jackson Kunz,36,7,8,15,2,1,0,1,75,44,1,6,20,7,106
Dane Montgomery,26,1,6,7,0,0,0,0,59,30,0,0,16,-4,81
TJ Semptimphelter,31,0,0,0,0,0,0,0,0,0,0,0,0,0,89
Ben Strinden,38,8,8,16,0,1,1,0,122,66,33,62,24,5,111
Owen McLaughlin,38,5,25,30,0,1,0,1,140,72,20,50,34,3,111
Dylan James,38,14,8,22,0,0,3,2,125,74,3,8,23,-4,111
Caleb MacDonald,35,3,7,10,0,0,0,0,83,51,0,0,13,7,102
Jake Livanavage,38,4,24,28,1,1,0,0,126,59,0,0,29,0,111
Tanner Komzak,17,0,0,0,0,0,0,0,22,7,0,0,11,4,47
Jayden Perron,31,10,9,19,6,2,0,0,172,79,0,2,45,-2,93
Abram Wiebe,38,4,20,24,3,0,0,0,145,74,0,0,42,-2,111
Hobie Hedquist,10,0,0,0,0,0,0,0,0,0,0,0,0,0,36
Jayden Jubenvill,37,2,4,6,0,1,0,0,72,32,0,0,21,8,109
EJ Emery,31,0,1,1,0,0,0,0,91,36,0,0,31,3,88
Mac Swanson,38,2,16,18,1,0,0,0,60,26,0,1,19,0,111
Sacha Boisvert,37,18,14,32,5,5,0,0,181,94,135,297,48,-4,110
Andrew Strathmann,30,2,2,4,0,1,0,0,59,30,0,0,17,0,86
Cody Croal,22,1,5,6,0,0,0,0,45,25,1,5,9,2,61
Cade Littler,33,7,2,9,0,1,0,0,47,30,46,101,8,9,95
Louis Jamernik V,30,4,6,10,1,2,0,0,54,31,105,194,14,3,95
Cameron Berg,26,12,10,22,7,2,0,0,130,66,211,433,21,-2,77
Dalton Andrew,14,1,0,1,0,0,0,0,16,14,1,1,0,0,41
Bennett Zmolek,1,0,1,1,0,0,0,0,1,0,0,0,1,0,2
Blake Biondi,38,12,15,27,7,1,0,0,179,114,8,23,30,-12,127
Grant Silianoff,38,5,3,8,0,1,1,1,76,50,3,7,8,-8,127
Zach Plucinski,34,0,3,3,0,0,0,0,63,23,1,1,21,-9,113
Ian Murphy,38,4,7,11,0,0,0,0,70,46,88,200,9,-5,127
Justin  Janicke,37,15,19,34,8,1,2,2,116,71,0,4,22,-3,122
Hunter Strand,38,8,8,16,2,1,0,1,118,69,260,510,22,-7,127
Ryan Helliwell,37,1,6,7,0,0,0,0,61,22,1,3,25,1,126
Tyler  Carpenter,38,1,1,2,0,1,0,0,42,26,38,77,9,-14,127
Owen Say,27,0,0,0,0,0,0,0,0,0,0,0,0,0,88
Axel Kumlin,38,6,15,21,1,0,0,0,155,72,0,0,48,-5,127
Danny Nelson,36,13,13,26,4,1,0,1,203,123,471,823,31,-4,121
Henry Nelson,30,3,5,8,0,1,0,0,104,43,0,1,27,0,89
Brennan Ali,38,7,12,19,1,1,0,0,103,59,1,3,21,-1,127
Maddox Fleming,21,0,3,3,0,0,0,0,36,22,2,3,9,-3,67
Jayden Davis,22,1,2,3,0,0,0,0,16,8,75,150,6,-5,71
Paul Fischer,36,2,19,21,0,0,0,0,127,58,1,1,46,-19,121
Cole Knuble,34,12,27,39,2,3,0,1,190,108,193,391,41,6,106
Carter Slaggert,38,4,6,10,0,0,0,0,55,38,44,114,8,-7,127
Jimmy Jurcev,31,1,3,4,0,0,0,0,55,17,0,0,19,-8,111
Jaedon Kerr,19,1,3,4,0,0,0,0,25,12,0,0,7,2,67
Nicholas Kempf,13,0,0,0,0,0,0,0,0,0,0,0,0,0,51
Michael Mastrodomenico,30,4,11,15,0,1,0,0,121,55,0,1,34,-4,100
Jack Larrigan,28,1,5,6,0,0,0,0,28,17,1,1,4,-11,101
Hunter Weiss,2,0,0,0,0,0,0,0,0,0,0,0,0,0,10
Michael Schermerhorn,1,0,0,0,0,0,0,0,2,2,0,0,0,-1,5
Niko Jovanovic,12,1,0,1,0,0,0,0,19,14,0,2,2,-6,48
Connor Gregga,33,4,8,12,1,0,0,0,99,59,217,441,18,-1,76
Chris Pappas,21,4,13,17,2,1,0,0,67,36,2,14,15,3,49
Isaiah Fox,31,9,7,16,1,3,0,0,130,71,25,49,32,0,73
John Gormley,34,2,0,2,0,0,0,1,77,33,1,3,21,-3,77
Valtteri Piironen,34,1,11,12,0,0,0,0,69,35,0,1,19,8,77
Josh Zary,29,12,7,19,7,1,0,0,112,78,289,481,7,-1,64
Cade Mason,29,1,13,14,0,0,0,0,143,60,0,0,46,-1,68
Austin Brimmer,31,9,12,21,4,3,0,0,88,60,2,3,11,9,72
Carter Rapalje,34,17,13,30,8,4,2,3,192,114,3,9,29,-2,77
Andrius Kulbis-Marino,34,3,7,10,0,1,0,1,86,38,0,2,30,6,77
Heath Armstrong,14,0,3,3,0,0,0,0,13,9,8,27,0,1,35
Noah Rupprecht,18,0,1,1,0,0,0,0,0,0,0,0,0,0,44
Onni LeppÃ¤nen,20,7,10,17,3,2,0,0,66,29,8,12,16,-1,44
Luca Leighton,23,1,7,8,0,0,0,0,57,38,0,1,7,5,52
Trent Powell,34,2,11,13,1,1,0,0,94,41,0,0,26,9,77
Isaac Lambert,31,7,10,17,2,0,0,1,107,57,49,91,29,1,71
Nick Bernardo,25,2,6,8,0,0,0,0,64,21,0,0,24,3,58
JR Perdion,31,4,14,18,1,0,0,0,77,50,79,191,17,8,68
Brennan Nelson,16,1,3,4,0,0,0,0,28,16,80,148,3,1,26
Daniel Baldassarra,15,3,5,8,1,0,0,0,27,24,0,1,0,8,33
Garrett Valk,19,0,1,1,0,0,0,0,27,11,0,0,8,3,34
Anthony Lucarelli,29,7,8,15,0,1,0,1,68,39,205,355,6,9,67
Sixen JennersjÃ¶,16,4,3,7,0,1,0,0,43,25,1,4,11,1,41
Nicholas Trela,21,1,5,6,0,0,0,0,39,20,4,8,9,2,52
Ty Outen,14,0,2,2,0,0,0,0,0,0,0,0,0,0,33
AJ Casperson,3,0,3,3,0,0,0,0,7,4,0,0,0,7,4
Riley Wallack,14,6,5,11,2,1,1,0,49,31,143,265,6,4,40
Chad Muller,12,4,1,5,0,1,0,0,28,17,0,0,3,6,30
Michael Polston,2,0,0,0,0,0,0,0,0,0,0,0,0,0,7
Joshua Wildauer,5,0,0,0,0,0,0,0,5,5,0,0,0,-2,13
Dawson Tritt,33,7,10,17,2,0,0,0,88,57,14,38,15,-11,105
Timo Bakos,34,10,12,22,3,3,0,0,90,58,180,352,21,-9,109
Nate Schweitzer,34,3,15,18,1,0,0,0,107,54,1,1,34,-9,109
Grant Hindman,36,3,3,6,0,1,0,0,83,42,0,0,29,-14,115
Sasha Teleguine,32,14,5,19,4,2,2,1,119,81,0,4,21,-4,99
Connor Milburn,28,9,14,23,3,0,0,2,104,57,262,521,32,-10,93
Bryan Huggins,32,1,4,5,0,0,0,0,51,26,0,0,17,-1,99
Jordan Venegoni,28,0,9,9,0,0,0,0,32,19,0,1,4,-2,92
Johnny Druskinis,36,4,7,11,4,1,0,0,117,56,2,2,32,-16,115
Blake Humphrey,30,2,6,8,0,0,0,0,75,45,9,21,17,-1,96
Jacob Conrad,27,6,4,10,3,0,0,0,76,40,0,0,13,8,81
Evan Bushy,33,0,14,14,0,0,0,0,75,35,1,1,21,-8,104
Branden Piku,34,9,7,16,1,2,0,0,109,71,0,2,18,-4,110
Reagan Milburn,24,7,5,12,2,0,0,0,78,50,1,2,16,-5,77
Carter Batchelder,26,3,4,7,0,2,0,0,77,40,155,316,22,-8,89
John Herrington,36,4,14,18,3,0,0,0,173,95,230,464,43,-8,115
Rorke Applebee,31,0,0,0,0,0,0,0,0,0,0,0,0,0,98
Adam Barone,16,0,1,1,0,0,0,0,32,19,0,0,8,-6,58
William Ahlrik,35,6,6,12,0,1,0,0,58,42,237,412,4,1,112
Mike Brown,30,0,2,2,0,0,0,0,69,35,1,1,23,4,94
Easton Hesse,6,0,1,1,0,0,0,0,0,0,0,0,0,0,22
Luke Levandowski,32,5,9,14,1,0,0,0,79,48,1,1,16,-2,107
Wilson Dahlheimer,19,0,3,3,0,0,0,0,28,20,40,89,2,-7,59
Jack Blanchett,6,0,0,0,0,0,0,0,13,5,0,0,3,-2,22
Everett Pietila,25,0,5,5,0,0,0,0,44,30,3,5,7,-4,74
Hadley Hudak,7,0,0,0,0,0,0,0,8,5,1,1,0,-4,21
Ethan Scardina,35,7,9,16,1,0,0,1,135,77,309,563,22,-1,81
Seth Fyten,29,1,4,5,0,0,0,0,52,29,0,1,6,-3,68
Tommy Pasanen,35,2,3,5,0,1,0,0,115,52,0,0,30,1,83
Ville Immonen,36,6,10,16,0,0,0,0,97,56,264,508,13,-1,85
Ben Wozney,36,1,5,6,0,0,0,0,101,39,0,0,39,1,85
Eric Parker,36,1,9,10,0,0,0,0,104,39,0,0,27,-4,85
Jackson Niedermayer,33,2,6,8,0,2,0,0,86,59,0,4,10,-9,78
Ryan O'Hara,36,11,22,33,3,5,0,1,231,138,82,141,41,5,85
Brett Pfoh,32,5,13,18,0,1,0,0,123,70,7,16,23,6,75
Jaden Grant,34,5,8,13,1,0,0,0,80,55,241,463,8,-1,79
Dalton Norris,36,2,15,17,2,0,0,0,136,53,1,1,48,0,85
Quinn Emerson,35,6,8,14,0,2,0,1,94,62,1,3,9,6,83
Gustav Stjernberg,30,4,12,16,2,1,0,0,186,89,0,0,35,7,71
Ben Doran,36,10,12,22,3,2,0,1,136,83,282,545,21,9,85
Brody Waters,36,16,6,22,10,3,0,0,140,100,3,4,7,5,85
Matvei Kabanov,13,2,4,6,0,0,0,0,16,12,1,1,2,0,32
Breck  McKinley,35,1,6,7,1,0,0,0,97,51,1,3,24,4,81
Cole Moore,20,0,0,0,0,0,0,0,0,0,0,0,0,0,55
Adam Zlnka,21,1,3,4,0,0,0,0,43,30,4,6,3,6,49
Maxwell Martin,32,6,3,9,1,1,0,0,116,70,5,13,19,1,71
Owen Ozar,14,1,0,1,0,0,0,0,24,18,2,2,3,-2,40
Johannes LÃ¸kkeberg,9,0,0,0,0,0,0,0,9,3,22,45,3,-2,28
Christian Stoever,18,0,0,0,0,0,0,0,0,0,0,0,0,0,34
Brandon Santa Juana,10,0,0,0,0,0,0,0,13,11,0,0,1,-3,26
Ivan Korodiuk,15,0,1,1,0,0,0,0,28,18,0,0,5,0,30
Brayden Krieger,2,0,0,0,0,0,0,0,0,0,0,0,0,-1,4
Jack Blake,10,0,0,0,0,0,0,0,4,1,0,0,2,1,17
Adam Schankula,1,0,0,0,0,0,0,0,2,1,0,0,0,0,3
Austin Jouppi,33,2,5,7,0,0,0,0,63,31,2,4,11,-9,96
Eric Martin,37,10,13,23,3,1,0,0,178,106,31,71,42,-6,109
Jackson Jutting,38,14,8,22,7,3,0,0,174,97,457,892,29,-12,114
Tony Follmer,38,2,5,7,0,0,0,0,65,28,0,0,21,-9,114
Donte Lawson,36,3,4,7,0,0,0,1,88,45,0,1,16,-2,108
Jere Vaisanen,38,7,12,19,1,0,0,0,104,61,241,474,21,-7,114
Mattias Sholl,37,0,1,1,0,0,0,0,0,0,0,0,0,0,111
Will Magnuson,35,1,4,5,0,0,0,0,61,22,0,0,20,-10,107
Reilly Funk,36,7,16,23,2,1,0,0,115,77,183,421,11,1,103
A.J. Macaulay,28,0,2,2,0,0,0,0,51,17,0,0,21,-5,87
Mitch Wolfe,38,2,6,8,0,0,0,0,143,68,0,0,50,-8,114
Adam Flammang,38,5,13,18,0,3,0,0,167,87,3,9,32,-7,114
Kirklan Irey,38,11,13,24,1,3,2,0,132,71,4,9,34,-4,114
Vince Corcoran,30,1,8,9,0,1,0,0,75,39,0,0,23,5,82
Patrik Satosaari,30,3,7,10,0,0,0,0,56,23,0,0,20,-8,99
Rhys Chiddenton,17,0,4,4,0,0,0,0,47,30,0,0,4,-2,54
Jake McLean,33,2,5,7,0,0,0,0,53,28,115,242,12,-6,100
Kasper Magnussen,37,7,9,16,6,1,0,0,127,64,0,1,23,-13,109
Isa Parekh,35,3,15,18,2,1,0,0,92,37,0,0,29,-5,103
Jaksen Panzer,26,2,3,5,0,0,0,0,72,47,43,77,14,-7,82
Raythan Robbins,3,0,0,0,0,0,0,0,0,0,0,0,0,0,11
Noah Quinn,21,6,2,8,3,0,0,0,58,31,6,14,9,2,64
Tory Lund,8,0,3,3,0,0,0,0,9,5,0,0,4,0,21
Ryan Henderson,7,0,0,0,0,0,0,0,6,3,0,0,1,-3,20
Carter Randklev,18,4,2,6,0,1,0,0,41,27,0,2,5,3,45
Luke Roelofs,17,0,1,1,0,0,0,0,34,20,0,0,7,-6,50
Alexi Sylvestre,9,1,0,1,0,0,0,0,23,15,1,4,4,-3,39
Noah West,35,0,1,1,0,0,0,0,0,0,0,0,0,0,120
Jacob Dirks,23,1,0,1,0,0,0,0,41,22,56,127,12,-8,79
Kaleb Ergang,35,6,15,21,1,1,0,0,110,61,1,11,20,3,120
Zach Faremouth,33,8,5,13,3,2,0,0,96,66,324,542,12,-7,118
Nico DeVita,36,1,3,4,0,0,1,0,89,39,0,5,31,-2,128
Travis Shoudy,36,6,12,18,0,1,0,1,169,90,3,10,43,1,128
Tyler Schleppe,29,9,9,18,2,2,0,0,117,64,251,483,21,-1,108
Xavier Jean-Louis,29,2,4,6,0,0,1,0,58,30,0,0,11,2,106
Max Itagaki,26,2,6,8,0,0,0,0,42,28,2,4,6,-6,96
Caiden Gault,36,15,10,25,4,5,0,0,170,93,7,15,39,0,128
Jacob Badal,25,4,6,10,1,0,0,0,76,48,1,7,5,1,84
Andrew Noel,30,1,2,3,0,0,0,0,63,26,0,12,20,-13,104
Cole Burtch,35,7,19,26,0,1,1,0,111,67,194,432,22,0,126
Connor McGrath,26,0,8,8,0,0,0,0,62,36,74,170,8,-8,99
Gavin Best,36,10,9,19,0,0,0,1,119,72,9,23,21,-3,128
Emerson Goode,12,0,0,0,0,0,0,0,31,21,7,10,5,-9,40
Trevor Taulien,36,3,9,12,0,0,0,0,129,62,1,12,33,-10,128
Christopher LieÂ ,20,1,3,4,1,0,0,0,27,10,0,0,10,-6,73
Kade TurnerÂ ,25,1,1,2,0,0,0,0,21,8,1,1,8,-10,92
Nick Nardecchia,33,2,6,8,0,0,0,0,84,42,80,191,17,-6,114
Matt CorbetÂ ,20,2,3,5,1,0,0,0,67,45,3,11,10,-4,63
Logan HerouxÂ ,32,3,11,14,3,0,0,0,94,58,0,0,20,1,112
Jack SilichÂ ,20,3,3,6,1,0,0,0,72,43,5,18,13,-4,81
Luke LiskoÂ ,3,0,0,0,0,0,0,0,5,2,14,25,2,-3,16
Conner BrownÂ ,15,0,2,2,0,0,0,0,24,14,0,0,2,-3,46
Connor McDonoughÂ ,1,0,0,0,0,0,0,0,0,0,0,0,0,0,3
Josh Groll,38,14,18,32,0,2,1,2,186,88,106,193,50,32,57
Kaden Bohlsen,28,12,5,17,1,0,0,1,117,64,11,27,30,13,44
Jordan Power,36,2,5,7,0,0,0,0,81,40,0,3,23,9,53
Brian Carrabes,39,10,10,20,1,2,0,1,180,92,2,7,38,11,58
Brenden Olson,36,1,3,4,0,0,0,0,54,34,0,0,11,5,51
Zach Krajnik,39,6,7,13,0,2,1,1,102,61,2,10,16,9,58
Rhett Pitlick,39,13,27,40,3,5,0,1,208,96,0,1,55,32,58
Steven Bellini,33,1,5,6,1,0,0,0,47,21,0,0,12,5,47
Will Hillman,39,3,7,10,0,1,0,0,124,56,181,458,36,6,58
Campbell Cichosz,35,1,7,8,0,0,0,0,104,51,2,4,35,22,53
Adam Eisele,37,13,13,26,4,6,0,0,193,87,337,615,49,22,55
Alex Tracy,38,0,0,0,0,0,0,0,0,0,0,0,0,0,57
Mason Wheeler,39,0,6,6,0,0,0,0,75,34,0,7,22,22,58
Luc Wilson,32,7,6,13,0,1,0,1,120,63,2,5,38,1,49
Fin Williams,19,1,1,2,0,1,0,0,22,9,54,95,7,1,25
Evan Murr,39,7,21,28,4,3,0,0,168,75,0,1,50,18,58
Jakob Stender,37,3,2,5,0,0,0,1,74,38,66,186,10,2,55
Luigi Benincasa,39,6,18,24,3,1,0,0,108,56,170,370,27,9,58
Brett Moravec,37,5,2,7,1,1,0,1,78,38,111,231,14,4,55
Luke Ashton,38,5,7,12,3,0,0,0,149,61,1,1,52,8,56
Ralfs Bergmanis,36,3,9,12,0,2,0,0,63,33,1,4,16,17,51
Kade Nielsen,4,0,0,0,0,0,0,0,2,1,0,0,0,0,8
Jacob Bonkowski,7,0,0,0,0,0,0,0,6,3,0,0,2,1,13
Cade Alami,6,0,0,0,0,0,0,0,11,1,0,0,6,-1,10
Tyler Haskins,6,0,0,0,0,0,0,0,4,2,0,0,1,0,9
Matthew Syverson,1,0,0,0,0,0,0,0,0,0,0,0,0,2,2
Eli Pulver,2,0,1,1,0,0,0,0,0,0,0,0,0,0,3
Blais Richartz,18,1,1,2,0,0,0,0,23,16,9,17,4,-4,48
Marcus Pedersen,29,4,4,8,2,0,0,0,55,36,17,35,9,-2,77
Alex Nordstrom,29,7,2,9,1,0,1,0,84,53,4,6,8,1,85
Matthew Campbell,34,6,6,12,3,0,0,0,123,60,0,1,29,7,87
Viktor Hurtig,34,1,4,5,0,0,0,0,68,28,1,1,21,-7,88
Trevor Kukkonen,34,3,7,10,0,0,0,1,91,46,2,4,20,-2,93
Stiven Sardarian,35,11,24,35,2,3,0,0,173,93,1,8,41,3,92
Kasper Vaharautio,36,0,4,4,0,0,0,0,41,16,0,0,16,-7,96
Owen Baker,33,3,2,5,0,1,0,0,73,42,24,49,16,-8,91
Lauri Raiman,34,1,4,5,0,0,0,0,83,41,44,91,19,1,89
Max Koskipirtti,36,7,20,27,2,1,1,1,106,63,336,697,17,-2,96
Isaac Gordon,36,7,19,26,2,2,0,0,200,116,9,15,32,-4,96
Chase Pietila,36,7,15,22,3,1,0,0,155,68,0,0,48,1,96
Nick Williams,34,0,8,8,0,0,0,0,79,39,1,1,24,7,94
Henry Bartle,21,1,2,3,0,0,0,0,20,11,8,13,4,-3,52
Rylan Brown,36,3,15,18,2,1,0,0,117,56,0,0,40,-2,96
Logan Morrell,32,11,10,21,4,4,0,0,110,71,299,509,13,5,88
Elias Jansson,36,12,11,23,6,2,0,2,135,82,2,16,17,0,96
Philip Fankl,22,1,0,1,0,0,0,0,34,23,27,59,8,-4,65
Ryan Manzella,15,0,0,0,0,0,0,0,0,0,0,0,0,0,42
Derek Mullahy,21,0,0,0,0,0,0,0,0,0,0,0,0,0,65
Jack Works,31,5,10,15,1,0,0,0,123,73,66,142,21,2,77
Ryder Matter,19,2,1,3,0,0,0,0,37,16,91,176,10,-2,54
Quinn Disher,1,0,0,0,0,0,0,0,0,0,0,0,0,0,0
Tom Leppa,16,2,3,5,0,1,0,0,30,17,111,218,5,2,36
Max Vayrynen,4,0,0,0,0,0,0,0,0,0,0,0,0,0,8
Jesse Tucker,34,3,5,8,1,0,0,0,81,50,327,625,14,-25,115
Jakob Peterson,29,2,4,6,0,0,0,0,67,28,0,0,25,-14,99
Zach Michaelis,27,1,2,3,0,0,0,0,50,37,1,1,10,-13,98
Ryan Ouellette,32,0,1,1,0,0,0,0,1,1,0,0,0,0,105
Tanner Latsch,22,5,2,7,1,0,0,0,106,64,3,4,26,-12,77
Nick Ardanaz,26,0,3,3,0,0,0,0,63,36,0,0,17,-8,85
Danny Ciccarello,33,1,4,5,0,0,0,0,60,33,166,324,12,-10,111
Matthew Romer,22,5,3,8,1,0,0,1,49,35,1,11,5,-8,74
Brendan Poshak,23,1,1,2,0,0,0,0,47,24,3,6,13,-9,81
Tynan Ewart,34,1,10,11,0,0,0,0,83,39,0,0,27,-23,115
Wolfgang Govedaris,30,0,0,0,0,0,0,0,83,41,0,1,24,-9,105
Grayden Daul,28,0,1,1,0,0,0,0,32,12,0,0,10,-5,88
Rasmus Larsson,28,3,0,3,0,0,0,0,68,34,0,0,17,-9,91
Billy Renfrew,31,1,2,3,0,0,0,0,31,17,185,366,6,-10,107
Jakub Altrichter,32,3,16,19,0,1,0,0,133,80,280,532,26,-7,105
Grayden Slipec,32,10,9,19,6,2,0,0,144,84,15,48,28,-15,107
Ryan Duguay,24,6,2,8,3,1,0,0,47,26,1,2,13,-9,84
Anthony Cliche,34,4,5,9,0,0,0,0,82,35,0,0,24,-4,115
Colby Browne,19,0,1,1,0,0,0,0,36,24,2,8,6,-6,64
Aidyn Hutchinson,29,4,6,10,0,0,0,0,64,43,2,4,9,-6,100
Trevor Mitchell,14,0,1,1,0,0,0,0,25,7,0,0,12,-8,49
Medrick Bolduc,26,2,3,5,0,1,0,0,49,24,37,63,13,-13,87
Will Diamond,20,1,0,1,0,0,0,0,24,13,1,4,7,-4,66
Ethan Barwick,6,0,0,0,0,0,0,0,0,0,0,0,0,0,27
Joe Schiller,10,0,3,3,0,0,0,0,20,11,0,0,1,-6,38
Matt Argentina,16,2,2,4,1,0,0,0,37,23,0,0,9,-2,52
Julian Molinaro,1,0,0,0,0,0,0,0,0,0,0,0,0,0,5
Matt Koethe,32,5,8,13,1,1,0,0,117,82,7,25,19,-8,89
Luke LaMaster,27,0,6,6,0,0,0,0,48,25,0,0,15,9,75
Matt Rickard,25,4,2,6,0,0,0,1,63,34,0,0,17,-6,71
Matt Hubbarde,30,13,10,23,1,1,0,1,108,60,9,22,24,5,85
Kyle Gaffney,32,6,14,20,3,0,0,1,101,61,252,500,24,-6,89
Lassi Lehti,13,0,0,0,0,0,0,0,0,0,0,0,0,0,34
Chase Dafoe,32,11,6,17,5,1,1,0,90,64,259,482,13,-2,89
Braden Birnie,32,4,3,7,1,0,0,0,91,43,9,27,20,-8,89
Cade Ahrenholz,23,3,1,4,0,2,0,0,37,19,2,8,4,-3,56
Luke  Johnson,15,2,2,4,0,0,0,0,38,18,1,4,11,1,41
Broten Sabo,32,8,13,21,2,4,0,0,126,55,0,0,32,-4,89
William Lawson-Body,31,2,3,5,1,0,0,0,72,47,175,360,8,5,88
Adam Cardona,31,0,5,5,0,0,0,0,74,40,0,0,23,-3,83
Carson Reed,30,1,1,2,0,1,0,0,68,33,0,0,14,-8,81
Haden Kruse,15,3,3,6,0,0,0,0,52,31,2,3,7,3,45
Fyodor Nikolayenya,27,1,2,3,0,0,0,0,39,27,1,5,3,3,76
Brendan Ross,31,3,11,14,0,0,0,0,91,52,23,51,17,-11,85
Caelum Dick,25,1,7,8,0,1,0,0,52,26,0,0,20,4,76
Peyton Platter,32,2,11,13,0,0,1,1,93,61,91,235,15,-6,89
Nathan Rickey,24,1,3,4,0,1,0,0,63,30,0,0,23,1,70
Anton Rubtsov,13,3,1,4,0,0,0,0,47,27,1,2,12,0,40
Brayden Nicholetts,16,0,0,0,0,0,0,0,20,11,2,7,4,-1,46
Nicholas Grabko,20,0,0,0,0,0,0,0,0,0,0,0,0,0,62
Will Hilfiker,11,0,0,0,0,0,0,0,13,1,0,0,9,5,28
Noah Barlage,14,0,2,2,0,0,0,0,12,3,0,0,5,6,33
Dean Spak,3,0,0,0,0,0,0,0,1,1,2,5,0,-1,7
Cole Plowman,1,0,0,0,0,0,0,0,0,0,0,0,0,0,5
Trenton Penner,10,0,1,1,0,0,0,0,10,5,19,40,3,-2,32
Matteo Pecchia,6,0,0,0,0,0,0,0,7,4,1,2,2,-1,14
Ethan Gauer,38,2,9,11,0,0,0,1,43,27,0,3,9,-6,101
Chase Foley,37,3,19,22,1,1,0,0,138,65,0,0,38,13,100
Ray Christy,21,0,0,0,0,0,0,0,17,4,8,33,6,-9,63
Matthew Gleason,35,11,11,22,4,2,1,1,108,64,189,378,18,10,93
Jake Sibell,20,0,0,0,0,0,0,0,1,0,0,0,0,0,52
Liam Malmquist,38,20,25,45,6,3,4,2,221,132,8,24,42,18,101
Grant Docter,25,2,1,3,0,1,0,0,35,14,1,1,13,-5,62
Ryan O'Neill,38,6,15,21,3,0,0,0,123,58,2,4,25,-9,101
Lucas Wahlin,38,17,24,41,3,4,2,1,217,141,385,810,19,15,101
Jake Braccini,37,9,10,19,2,1,0,0,153,87,138,319,37,3,95
Luc Laylin,38,4,6,10,1,2,1,0,79,45,216,424,12,-5,101
Quinton Pepper,33,1,1,2,0,1,0,0,49,33,51,153,5,-5,86
Aaron Trotter,20,0,1,1,0,0,0,0,0,0,0,0,0,0,56
Caige Sterzer,38,6,8,14,0,0,0,0,69,36,66,136,9,1,101
Cooper Gay,35,19,11,30,7,1,1,2,236,158,21,48,40,6,93
Tobias Abrahamsson,18,0,0,0,0,0,0,0,11,4,0,0,4,0,53
Cole Miller,31,1,2,3,0,0,0,1,54,25,0,0,16,1,82
Mason Poolman,38,4,7,11,0,1,0,0,79,44,0,1,20,-9,101
Chase Cheslock,38,1,13,14,0,0,0,0,116,55,0,0,29,16,101
Ethan Elias,28,0,5,5,0,0,0,0,34,19,0,1,7,-1,70
Casy Laylin,38,4,7,11,0,2,0,0,100,55,2,5,23,-2,101
Carson Peters,22,0,2,2,0,0,0,0,30,11,0,0,10,5,59
Jake Ratzlaff,9,0,0,0,0,0,0,0,6,4,0,0,1,0,22
Ryder Donovan,24,0,2,2,0,0,0,0,42,21,18,54,13,-1,66
J.D. Metz,7,0,1,1,0,0,0,0,8,6,1,4,0,0,15
Nick Mikan,5,0,0,0,0,0,0,0,3,2,0,0,0,-2,17
Alexander Tell,10,1,2,3,0,0,0,0,14,7,28,77,0,-3,25
Connor Marritt,28,2,2,4,0,1,0,0,41,31,7,21,4,-4,92
Jarred White,32,3,5,8,0,0,0,0,68,43,94,227,16,-4,108
Porter Schachle ,21,4,1,5,0,0,1,1,71,37,47,105,13,-4,72
Will Schimek,32,1,2,3,0,0,0,0,65,32,0,0,17,-9,108
Davis Goukler,22,1,2,3,0,0,0,0,38,17,0,0,10,-4,74
Conor Cole,28,4,13,17,3,0,0,0,70,27,168,342,19,-10,94
Maximilion Helgeson,34,8,11,19,1,1,0,0,115,78,97,227,17,-7,117
Dylan Finlay,28,4,6,10,2,1,0,0,67,29,1,1,28,-11,98
Gunnar VanDamme,34,2,4,6,0,1,0,0,65,32,0,0,20,-12,117
Ben Anderson,21,1,2,3,0,0,0,1,24,16,13,36,3,-7,71
Aiden Westin,27,2,3,5,2,0,0,0,45,26,114,219,6,-7,91
Greg Orosz,20,0,0,0,0,0,0,0,0,0,0,0,0,0,74
Karter McNarland,22,2,4,6,0,0,0,0,30,21,2,5,5,-1,75
Ethan Warrener,17,1,1,2,0,0,0,0,26,15,0,0,7,-5,62
Pavol Funtek,17,1,1,2,0,0,0,0,10,5,0,0,3,-2,66
Dylan Contreras,29,8,4,12,0,1,0,3,48,35,129,245,8,-6,103
Nolan Gagnon,20,0,2,2,0,0,0,0,48,20,0,1,17,-1,73
Adam Parsons,21,1,2,3,0,0,0,0,44,30,35,78,8,-5,78
Dimitry Kebreau,31,8,15,23,2,1,0,0,95,62,20,45,13,-5,101
Tyler Krivtsov,18,0,0,0,0,0,0,0,0,0,0,0,0,0,68
Bryant Marks,3,0,0,0,0,0,0,0,0,0,0,0,0,0,10
Ryan Johnson,33,11,14,25,7,0,0,1,199,107,14,35,44,-13,116
Tanner Edwards,31,3,5,8,0,0,0,0,34,19,93,204,8,-6,108
Brandon Lajoie,11,1,1,2,0,0,0,0,16,11,0,1,4,-1,38
Logan Acheson,25,1,4,5,0,0,0,0,54,26,0,0,22,-2,77
Joey Potter,18,2,3,5,0,0,0,0,67,37,0,0,16,-7,63
JP Steele,17,0,2,2,0,0,0,0,20,11,1,1,5,0,54
Matt Johnson,25,4,5,9,0,0,0,0,57,31,44,115,15,0,87
Alex Gomez,16,0,5,5,0,0,0,0,17,11,44,122,5,5,50
Kristof Papp,29,4,7,11,2,2,0,0,100,56,246,454,23,-1,79
Artyom Borshyov,32,2,2,4,0,0,0,0,75,40,0,0,21,6,86
Alexander Lundman,17,2,1,3,0,1,0,0,35,19,0,3,6,-6,49
Aiden Yakimchuk,32,0,1,1,0,0,0,0,74,28,0,0,29,-5,86
Drew Kuzma,32,2,4,6,0,0,0,0,55,32,199,358,6,-12,86
Mitch Allard,32,1,4,5,0,0,0,1,58,34,117,236,12,1,86
David Gagnon,32,11,17,28,3,1,2,1,150,85,120,282,29,1,86
Jack Anderson,32,1,9,10,1,0,0,0,106,55,0,1,33,-5,86
Joe Prouty,32,1,3,4,0,0,0,0,91,50,0,0,28,-8,86
Owen Bartoszkiewicz,29,0,0,0,0,0,0,0,0,0,0,0,0,0,78
John Evans,28,4,8,12,0,1,0,0,68,40,1,10,17,0,76
Jaeden Mercier,29,8,3,11,3,0,0,0,83,50,4,9,17,-2,77
Ethan Zielke,30,4,3,7,0,0,0,0,71,41,226,467,13,-2,81
Jake Southgate,29,5,7,12,0,0,0,0,100,56,3,11,18,-1,78
Noah Houle,32,4,12,16,0,0,0,0,138,57,1,2,54,7,86
Brady Yakesh,26,0,5,5,0,0,0,0,56,14,0,0,30,-4,71
Ty Hipkin,28,4,3,7,1,1,0,0,79,49,18,41,11,-5,73
Jacob Vockler,19,0,1,1,0,0,0,0,32,21,2,5,7,-5,50
Tyler Loughman,27,4,6,10,0,1,0,0,44,26,2,5,5,6,72
Brody Mortensen,24,3,2,5,0,0,0,0,43,24,1,2,12,-5,65
Coltan Wilkie,6,0,1,1,0,0,0,0,10,5,0,1,1,-1,12
Patrick Schmiedlin,14,5,4,9,1,1,0,0,34,22,5,9,6,6,36
Ryan Forberg,9,0,2,2,0,0,0,0,11,7,5,6,1,-2,21
Shawn Ramsey,18,0,0,0,0,0,0,0,33,13,0,0,13,-10,53
Henry Graham,2,0,0,0,0,0,0,0,0,0,0,0,0,0,6
Thomas Jarman,7,0,2,2,0,0,0,0,5,2,0,0,3,0,18
Henri Schreifels,32,5,11,16,2,1,1,0,122,65,151,336,31,-5,105
Devlin O'Brien,32,2,3,5,0,1,0,0,80,44,39,73,22,-5,103
Jake Cady,19,0,3,3,0,0,0,0,32,21,0,1,6,-7,70
Kyle Heath,21,2,4,6,0,0,0,0,20,12,25,70,4,-2,62
Teddy Lagerback,18,5,4,9,0,1,0,0,79,52,7,13,7,3,53
Evan Orr,33,8,6,14,4,5,0,0,142,73,1,1,44,-13,106
Dean Schwenninger,16,0,2,2,0,0,0,0,23,16,124,226,2,-5,57
Frank Ireland,33,6,4,10,1,0,0,0,102,61,0,4,18,-12,106
Brady Hunter,26,3,5,8,2,0,0,0,52,26,5,9,15,-10,87
Cameron GaudetteÂ ,32,1,3,4,0,0,0,0,55,22,0,0,20,-4,104
Devon Carlstrom,16,0,0,0,0,0,0,0,28,9,0,0,13,-7,44
Conor Ronayne,8,1,0,1,0,0,0,0,9,6,0,1,3,-1,30
Anthony Galante,30,12,9,21,4,2,0,2,135,74,20,34,30,-6,97
Dominick Campione,30,3,10,13,1,0,0,0,79,34,1,1,26,-11,90
Justin Gibson,31,1,5,6,0,0,0,0,68,37,0,0,20,-9,102
JJ Grainda,28,3,6,9,0,0,0,0,62,41,3,8,6,-1,85
Leo Chambers,32,2,4,6,0,0,0,0,54,37,99,297,10,-3,101
Joel Lehtinen,26,2,4,6,1,0,0,0,44,24,131,275,7,-2,77
Linards Lipskis,7,0,0,0,0,0,0,0,0,0,0,0,0,0,23
Connor Androlewicz,28,0,0,0,0,0,0,0,1,0,0,0,0,0,94
Cam Mannion,18,0,1,1,0,0,0,0,17,11,0,0,5,-3,56
Charlie Banquier,30,1,5,6,0,0,0,1,79,31,0,0,27,-5,95
Hunter Hastings,16,1,1,2,0,0,0,0,21,14,19,48,4,-4,45
Cole Melady,28,1,3,4,0,0,0,0,41,24,13,21,9,-6,92
Zach Aben,29,4,4,8,0,0,1,1,81,53,193,431,10,-17,97
Zach Nicolas,19,2,5,7,0,1,0,0,21,14,64,163,3,-9,67
Ryan Davies,6,0,0,0,0,0,0,0,6,1,0,0,4,-3,19
Justin Barker,2,0,0,0,0,0,0,0,2,1,1,3,0,-2,7
Riley Rosenthal,3,0,0,0,0,0,0,0,5,1,0,0,4,-2,11
Gavin Gulash,33,5,2,7,0,0,1,2,79,51,4,16,17,1,100
Mitch Deelstra,35,12,5,17,9,2,0,0,135,73,49,145,22,-15,114
Cody Monds,33,3,5,8,0,0,0,0,57,33,2,6,10,-7,107
Trevor Ledonne,23,3,2,5,0,0,0,0,44,21,0,0,15,-4,81
Michael Craig,34,5,19,24,1,0,0,1,106,52,0,0,30,-3,110
Gabriel Lunn,29,0,7,7,0,0,0,0,88,45,0,0,24,-5,87
George Krotiris,32,4,6,10,2,0,0,0,95,55,53,114,18,-6,108
Tanner Klimpke,26,10,13,23,2,1,1,0,100,58,10,18,11,12,83
McKay Hayes,33,4,6,10,0,1,0,1,101,60,10,25,21,-5,103
Cameron Garvey,34,7,15,22,3,0,0,0,138,89,327,670,24,12,108
Walter Zacher,35,15,9,24,3,2,0,3,203,109,8,21,46,3,114
Luke van Why,31,2,12,14,1,0,0,0,103,48,0,0,30,-3,100
Croix Kochendorfer,23,0,1,1,0,0,0,0,0,0,0,0,0,0,74
Dominic Elliott,35,6,13,19,2,1,0,0,123,55,0,0,40,-6,114
J.R. Ashmead,33,0,2,2,0,0,0,0,78,31,0,0,26,-6,111
Connor Gourley,23,1,0,1,0,0,0,0,26,13,1,4,6,-7,75
Patrick Johnson,34,3,5,8,0,0,0,1,70,39,208,417,11,-5,110
Braden Rourke,30,2,2,4,0,0,0,0,102,55,1,8,23,-6,100
Trent Wilson,35,5,13,18,0,2,0,1,98,56,315,593,20,-4,114
Michael Felsing,34,7,15,22,2,0,0,0,66,33,32,89,20,-12,110
Tom Gangl,4,0,1,1,0,0,0,0,6,2,0,0,2,1,10
Dawson Smith,5,0,0,0,0,0,0,0,0,0,0,0,0,0,26
Thomas Haynes,13,0,3,3,0,0,0,0,17,7,0,0,5,-1,44
Dylan Meilun,12,0,0,0,0,0,0,0,0,0,0,0,0,0,43
Adam O'Marra,13,0,1,1,0,0,0,0,31,20,54,113,8,-3,45
Eric DeDobbelaer,5,0,0,0,0,0,0,0,0,0,0,1,0,-2,23
Greg Japchen,25,1,6,7,0,1,0,0,90,41,0,0,38,-5,86
Lee Chaing,3,0,0,0,0,0,0,0,2,2,0,0,0,0,9
Josh Nixon,36,14,9,23,5,2,0,0,123,79,1,2,18,8,109
Cullen Ferguson,36,4,12,16,0,0,0,0,154,76,0,0,47,-6,109
Caden Villegas,36,7,22,29,3,1,0,0,117,66,7,12,30,6,109
Josh Phillips,18,0,1,1,0,0,0,0,21,9,0,0,6,-2,57
Ethan Benz,13,1,1,2,0,1,0,0,28,17,0,0,5,-2,37
Nate Hanley,35,10,18,28,0,1,0,1,139,79,205,434,30,-3,105
John Prokop,36,8,19,27,3,2,0,0,191,87,0,0,54,12,109
Nick Young,36,2,8,10,0,0,0,0,105,53,0,0,32,12,109
Brandon Buhr,36,19,9,28,4,5,0,4,141,94,3,12,23,1,109
Parker Lindauer,34,3,11,14,0,1,1,0,92,54,167,315,12,-3,105
Kyle Chauvette,35,0,0,0,0,0,0,0,0,0,0,0,0,0,104
Colby MacArthur,36,7,22,29,5,0,0,0,81,50,198,399,11,11,109
DJ Hart,32,3,5,8,0,0,0,0,101,45,0,0,36,1,93
Joseph Messina,25,1,3,4,0,0,0,0,39,16,0,0,12,1,76
David CÃ´tÃ©,10,0,0,0,0,0,0,0,6,3,0,0,3,-1,28
Lucas Buzziol,29,5,8,13,0,1,0,0,65,41,169,357,12,-3,91
Ben Muthersbaugh,36,13,15,28,5,2,0,0,206,118,3,5,45,-3,109
Drew Sutton,35,3,3,6,2,1,0,0,46,24,171,298,9,-10,104
Riley Brueck,33,3,7,10,0,0,0,0,48,31,1,2,8,-1,102
Connor Smith,22,1,0,1,0,0,0,0,27,13,0,0,7,-5,67
Cal Mell,24,0,1,1,0,0,0,0,16,5,0,0,7,-2,74
Brendan Miles,29,0,7,7,0,0,0,0,56,26,0,0,13,0,90
Jacob Jeannette,29,2,3,5,0,1,0,1,50,31,128,255,9,-3,90
Carter Korpi,18,6,2,8,0,1,2,2,49,29,0,2,10,7,52
Joe Sharib,3,0,0,0,0,0,0,0,0,0,0,0,0,0,15
Lucas Massie,2,0,0,0,0,0,0,0,0,0,0,0,0,0,11
Thomas Richter,7,0,1,1,0,0,0,0,2,1,0,0,0,0,21
Lukas Sillinger,35,8,30,38,1,0,0,0,94,55,1,6,19,8,96
Artem Shlaine,31,17,21,38,3,2,2,1,109,79,356,652,14,10,85
Noah Beck,37,5,28,33,4,0,0,0,152,66,0,0,47,12,103
Ty Jackson,35,8,16,24,3,2,0,0,91,54,167,380,14,2,98
Luke Pavicich,23,0,0,0,0,0,0,0,0,0,0,0,0,0,67
Ty Murchison,37,0,4,4,0,0,0,0,86,40,0,1,30,6,103
Ethan Szmagaj,28,1,4,5,0,1,1,0,29,18,0,0,4,0,84
Ryan Kirwan,37,26,13,39,8,5,0,2,267,178,1,3,39,6,103
Tucker Ness,20,0,2,2,0,0,0,0,23,11,0,0,6,1,57
Ryan Alexander,31,3,5,8,0,0,0,0,64,43,29,50,14,11,89
Cruz Lucius,19,2,8,10,1,0,0,0,70,38,0,0,13,-7,59
Bennett Schimek,35,15,22,37,3,2,3,1,138,94,4,14,24,5,96
Kyle Smolen,35,12,18,30,5,1,1,1,102,67,113,265,14,12,94
Cole Gordon,34,3,2,5,0,0,0,0,30,25,126,222,1,-4,99
Tony Achille,15,0,0,0,0,0,0,0,12,6,0,1,2,-4,49
Anthony  Dowd,37,2,11,13,1,1,0,0,78,39,0,1,30,13,103
Joel Kjellberg,33,0,10,10,0,0,0,0,58,26,0,0,21,6,96
Cullen Potter,35,13,9,22,2,1,0,0,221,118,218,491,47,-1,97
Sam Court,36,3,8,11,1,1,0,1,113,66,0,0,29,1,99
Brasen Boser,37,2,5,7,0,1,0,0,107,59,0,0,25,5,103
Charlie Schoen,17,4,5,9,0,0,0,0,53,34,0,2,12,10,48
David Hymovitch,21,2,3,5,0,1,0,0,23,15,0,0,3,1,60
Gibson Homer,16,0,0,0,0,0,0,0,1,0,0,0,0,0,46
Benji Eckerle,24,3,4,7,0,1,0,1,42,30,22,52,5,0,61
Dylan Jackson,25,7,9,16,0,2,0,0,80,51,1,3,18,2,63
Cole Helm,3,0,1,1,0,0,0,0,2,0,0,2,1,1,9
Brady Ziemer,35,0,4,4,0,0,0,0,72,39,0,0,20,-5,75
Luke Mobley,34,13,7,20,5,2,1,1,117,70,376,738,22,6,70
Evan McIntyre,35,1,10,11,0,0,0,0,86,30,0,0,28,7,75
Payton Matsui,34,8,13,21,0,2,0,2,134,76,186,408,26,17,70
Simon Falk,31,5,11,16,0,0,0,0,64,43,1,7,6,13,66
Quinn Rudrud,31,6,3,9,0,1,0,0,86,53,4,8,14,-2,72
Colton Friesen,32,7,10,17,1,0,0,0,77,43,81,189,18,2,63
Owen Baumgartner,21,2,9,11,0,1,0,0,106,46,0,0,36,4,45
Hayden Hennen,34,3,12,15,2,2,0,0,131,62,0,1,32,9,70
Hunter Bischoff,35,10,13,23,1,1,0,1,117,75,7,18,14,3,75
Will Howard,18,1,2,3,0,0,0,0,40,26,3,8,7,-4,38
Will Svenddal,33,1,7,8,0,0,0,0,38,16,0,0,16,2,71
Josh Kotai,31,0,1,1,0,0,0,0,0,0,0,0,0,0,61
Brett Meerman,35,7,16,23,2,0,0,1,128,93,1,3,14,0,75
Jeff Hutchinson,22,0,0,0,0,0,0,0,37,15,0,0,15,5,51
Easton Young,33,3,10,13,0,1,0,1,85,30,0,0,26,7,72
Joey DelGreco,35,7,8,15,4,2,1,0,97,56,119,290,18,3,75
Tyler Hennen,28,6,7,13,1,1,0,0,71,40,1,5,8,11,61
Garett Drotts,20,1,6,7,0,1,0,0,20,15,1,3,0,3,43
Nace Langus,29,6,10,16,2,3,0,0,69,44,45,95,8,8,65
Uula Ruikka,24,2,6,8,0,0,0,0,116,53,0,0,37,5,48
Callum Gau,23,1,1,2,0,1,0,0,37,23,89,188,5,-6,48
Christian Manz,5,0,0,0,0,0,0,0,0,0,0,0,0,0,18
Owen  Bohn,23,6,6,12,0,0,0,1,65,37,3,8,11,1,48
Ben Troumbly,11,1,1,2,0,0,0,0,15,10,1,6,1,-3,29
Carter Theissen,6,0,0,0,0,0,0,0,6,3,0,0,2,-3,17
Timmy Delay,1,0,0,0,0,0,0,0,0,0,0,0,0,0,1
Max Lacroix,4,0,0,0,0,0,0,0,0,0,0,0,0,0,21
Jack Gorton,3,0,0,0,0,0,0,0,0,0,0,1,0,-1,11
Parker Murray,3,0,0,0,0,0,0,0,2,1,0,0,0,0,8
Remington Keopple,5,0,1,1,0,0,0,0,0,0,0,0,0,0,16
Marian Mosko,2,0,0,0,0,0,0,0,1,1,0,0,0,-1,5
Austin Salani,1,0,0,0,0,0,0,0,0,0,1,2,0,-1,1
Jordan Hughesman,2,0,0,0,0,0,0,0,0,0,2,3,0,-1,6
Zach Hahn,1,0,0,0,0,0,0,0,0,0,0,0,0,0,0
Jason Marsella,2,0,0,0,0,0,0,0,3,2,0,0,1,-2,6
James Norton,1,0,0,0,0,0,0,0,0,0,0,0,0,0,4
Hunter McCurdy,1,0,0,0,0,0,0,0,1,0,0,0,1,0,1
Malachi Klassen,1,0,0,0,0,0,0,0,0,0,0,0,0,0,2
Anton Castro,1,0,0,0,0,0,0,0,0,0,0,0,0,0,4
Alec Whipple,6,0,0,0,0,0,0,0,1,0,0,0,1,0,7
Brian Silver,1,0,0,0,0,0,0,0,0,0,0,0,0,0,3
Ocean Wallace,2,0,0,0,0,0,0,0,2,0,0,0,1,0,12
Zach Bade,2,0,0,0,0,0,0,0,1,1,0,0,0,0,4
Daniel Duris,4,0,0,0,0,0,0,0,0,0,0,0,0,0,10
Aaron Grounds,1,0,0,0,0,0,0,0,0,0,0,0,0,0,2
Xan Gurney,2,0,0,0,0,0,0,0,4,2,0,0,0,1,4
Grant Riley,1,0,0,0,0,0,0,0,0,0,0,0,0,0,9
Tyler Bute,1,0,0,0,0,0,0,0,0,0,0,0,0,0,2
Nick O'Hanisain,3,0,0,0,0,0,0,0,1,1,0,0,0,0,12
Trent Wiemken,1,0,0,0,0,0,0,0,0,0,0,0,0,-1,4
Martin LundbergÂ ,3,0,0,0,0,0,0,0,0,0,0,0,0,0,23
Oliver Bezick,3,0,0,0,0,0,0,0,0,0,0,0,0,0,11
Bryce Monrean,4,0,0,0,0,0,0,0,5,2,12,30,1,0,11
Tyler Waram,1,0,0,0,0,0,0,0,2,1,0,0,1,0,4
Jase Sofo,2,0,0,0,0,0,0,0,1,1,0,0,0,-1,5
Adam Raesler,7,0,0,0,0,0,0,0,10,4,2,3,2,-2,19
Alexandros Aslanidis,1,0,0,0,0,0,0,0,0,0,0,0,0,0,2
Jake LaRusso,1,0,0,0,0,0,0,0,0,0,0,0,0,-1,5