PLAYER,Team,Pos,GP,SHOT ATTEMPTS,G,A,PTS,PPG,GWG,SHG,ENG,PEN MIN,BLOCKS
Michael Hagens,Boston College,D,35,48,1,7,8,0,0,0,0,5,12
Eamon Powell,Boston College,D,30,81,4,16,20,0,1,0,0,12,25
Gentry Shamburger,Boston College,F,19,14,1,0,1,0,1,0,0,8,1
Aidan Hreschuk,Boston College,D,31,71,2,6,8,0,0,0,0,11,18
Mike Posma,Boston College,F,35,92,4,5,9,1,0,0,0,16,15
Connor Joyce,Boston College,F,32,51,3,2,5,0,0,0,0,2,9
Brady Berard,Boston College,F,33,102,4,1,5,0,0,1,1,10,16
Lukas Gustafsson,Boston College,D,33,119,2,13,15,1,0,0,0,12,47
Oskar Jellvik,Boston College,F,23,76,4,9,13,0,0,0,1,10,15
Andre Gasseau,Boston College,F,34,134,15,15,30,2,3,0,3,49,19
Ryan Leonard,Boston College,F,35,304,29,18,47,4,9,1,6,44,57
Jacob Fowler,Boston College,G,33,0,0,2,2,0,0,0,0,17,0
Drew Fortescue,Boston College,D,34,75,0,10,10,0,0,0,0,42,26
Aram Minnetian,Boston College,D,33,86,2,12,14,0,1,0,0,16,21
Will Vote,Boston College,F,33,57,8,4,12,1,2,1,0,12,7
Gabe Perreault,Boston College,F,35,169,15,32,47,5,2,1,1,23,27
Teddy Stiga,Boston College,F,34,147,13,16,29,2,2,3,2,34,26
James Hagens,Boston College,F,35,154,10,25,35,2,3,0,0,24,27
Jake Sondreal,Boston College,F,34,58,2,4,6,0,2,0,0,36,4
Will Skahan,Boston College,D,28,59,2,5,7,0,0,0,0,10,17
Dean Letourneau,Boston College,F,34,55,0,3,3,0,0,0,0,6,10
Nolan Joyce,Boston College,D,16,21,0,0,0,0,0,0,0,4,4
Will Traeger,Boston College,F,4,1,0,0,0,0,0,0,0,0,0
Jan Korec,Boston College,G,3,0,0,0,0,0,0,0,0,0,0
Brehdan Engum,Boston University,D,30,48,0,2,2,0,0,0,0,8,19
Tristan Amonte,Boston University,F,32,29,4,2,6,0,0,0,1,19,10
Jack Hughes,Boston University,F,35,110,5,15,20,2,1,0,0,18,33
Matt Copponi,Boston University,F,35,120,4,16,20,0,0,1,0,10,19
Mathieu Caron,Boston University,G,21,0,0,3,3,0,0,0,0,0,0
Devin Kaplan,Boston University,F,33,81,10,5,15,2,0,2,0,47,17
Quinn Hutson,Boston University,F,33,207,20,26,46,5,2,0,1,29,34
Ryan Greene,Boston University,F,35,131,13,20,33,4,2,0,1,18,24
Gavin McCarthy,Boston University,D,34,86,3,12,15,0,1,1,1,51,20
Tom Willander,Boston University,D,34,97,2,20,22,1,1,0,0,8,19
Jack Harvey,Boston University,F,35,124,9,15,24,0,2,0,0,2,23
Mick Frechette,Boston University,D,21,12,0,0,0,0,0,0,0,8,2
Shane Lachance,Boston University,F,35,151,11,17,28,6,3,0,1,26,21
Aiden Celebrini,Boston University,D,26,43,1,5,6,0,0,0,0,12,16
Brandon Svoboda,Boston University,F,28,51,7,2,9,0,0,0,0,25,4
Kamil Bednarik,Boston University,F,35,66,1,15,16,0,0,1,0,28,12
Cole Eiserman,Boston University,F,34,183,21,10,31,10,4,0,0,27,47
Cole Hutson,Boston University,D,34,190,12,27,39,4,4,0,0,60,48
Alex Zetterberg,Boston University,F,24,37,5,3,8,1,1,0,0,2,11
Sascha Boumedienne,Boston University,D,35,80,3,9,12,0,0,0,0,29,34
Jack Page,Boston University,D,18,14,0,2,2,0,0,0,0,14,6
Nick Roukounakis,Boston University,F,15,17,0,5,5,0,0,0,0,12,4
Mikhail Yegorov,Boston University,G,13,0,0,1,1,0,0,0,0,0,0
Doug Grimes,Boston University,F,15,16,1,0,1,0,0,0,0,8,1
Billy Girard IV,Boston University,G,1,0,0,0,0,0,0,0,0,0,0
Kaelan Taylor,Clarkson,D,37,91,1,6,7,0,0,0,0,10,32
Ayrton Martino,Clarkson,F,37,137,24,25,49,3,8,0,2,8,21
Garrett Dahm,Clarkson,F,36,61,6,7,13,0,1,3,2,12,8
Ryan Richardson,Clarkson,F,36,144,11,17,28,4,2,0,2,14,19
Ryan Bottrill,Clarkson,F,37,124,7,11,18,2,2,0,0,24,36
Trey Taylor,Clarkson,D,37,203,8,19,27,3,0,0,1,12,35
Tristan Sarsland,Clarkson,D,37,206,7,14,21,1,1,1,0,14,57
Erik Bargholtz,Clarkson,F,37,92,5,7,12,1,1,1,1,12,20
Ellis Rickwood,Clarkson,F,37,135,10,23,33,6,0,0,0,22,28
Ryan Taylor,Clarkson,F,31,123,3,7,10,3,1,0,0,4,27
Carter Rose,Clarkson,D,23,38,0,2,2,0,0,0,0,10,9
Talon Sigurdson,Clarkson,F,37,132,10,8,18,0,1,0,1,21,19
Marcus BrÃ¤nnman,Clarkson,G,5,0,0,0,0,0,0,0,0,2,0
Shawn O'Donnell,Clarkson,F,37,43,1,3,4,0,0,0,1,16,10
Luka Sukovic,Clarkson,F,34,80,7,8,15,1,3,1,2,16,14
Jared Mangan,Clarkson,F,36,125,6,5,11,4,2,0,0,10,29
Tate Taylor,Clarkson,D,31,108,3,13,16,0,0,0,0,8,26
Luke Pakulak,Clarkson,F,28,32,2,5,7,0,0,0,0,10,8
Ty Brassington,Clarkson,D,36,81,2,5,7,0,0,0,1,2,13
Jack Sparks,Clarkson,D,36,95,1,4,5,0,1,0,0,50,41
Ethan Langenegger,Clarkson,G,34,1,0,1,1,0,0,0,0,0,0
Oliver Moberg,Clarkson,F,13,19,0,0,0,0,0,0,0,6,4
Ray Fust,Clarkson,F,17,42,2,2,4,0,0,0,0,2,8
George Grannis,Clarkson,F,2,2,0,0,0,0,0,0,0,0,0
Caden Lewandowski,Clarkson,D,2,1,0,0,0,0,0,0,0,0,1
Brady Egan,Clarkson,F,9,15,0,2,2,0,0,0,0,4,6
Brady Parker,Clarkson,G,1,0,0,0,0,0,0,0,0,0,0
Reid Irwin,Colgate,D,32,114,6,11,17,2,0,0,0,8,46
Tommy Bergsland,Colgate,D,36,123,4,19,23,1,1,1,1,10,37
Nic Belpedio,Colgate,D,29,69,3,6,9,0,0,0,0,6,27
Ben Raymond,Colgate,F,36,107,9,9,18,0,2,2,0,21,17
Alex DiPaolo,Colgate,F,32,128,11,15,26,5,1,0,1,12,32
Brett Chorske,Colgate,F,36,126,15,19,34,2,2,0,0,23,19
Andrew Takacs,Colgate,G,32,1,0,1,1,0,0,0,0,6,0
Owen Neuharth,Colgate,F,29,34,3,6,9,0,1,0,1,8,11
Robby Newton,Colgate,F,25,36,3,6,9,0,0,1,0,8,5
Niko Rexine,Colgate,F,33,55,5,10,15,0,2,0,1,12,8
Jake Schneider,Colgate,F,36,108,4,9,13,0,1,1,0,14,18
Antonio Fernandez,Colgate,D,31,96,5,9,14,0,0,0,0,10,31
Jacob Napier,Colgate,D,26,43,2,2,4,0,0,0,0,6,13
Ryan Sullivan,Colgate,F,23,67,5,10,15,1,1,0,0,20,10
Ryan Sullivan,Miami,F,34,83,6,4,10,3,0,0,0,8,23
Michael Neumeier,Colgate,D,35,141,8,12,20,1,2,0,0,9,32
Simone DadiÃ¨,Colgate,F,30,46,5,2,7,0,1,0,0,8,9
Max Nagel,Colgate,F,36,130,6,18,24,1,0,0,1,12,22
Jack Brandt,Colgate,F,30,37,2,5,7,0,1,0,0,40,6
Ryan Spinale,Colgate,F,34,52,4,2,6,2,0,0,0,69,8
Brett Merner,Colgate,D,35,51,3,6,9,0,0,0,0,0,14
Daniel Panetta,Colgate,F,25,129,10,3,13,2,3,0,1,12,27
Bobby Metz,Colgate,D,9,9,0,1,1,0,0,0,0,0,4
Dominic Foglia,Colgate,D,15,20,0,1,1,0,0,0,0,4,7
Simon Labelle,Colgate,F,25,76,1,11,12,0,0,0,0,8,13
Nick Haas,Colgate,G,7,0,0,0,0,0,0,0,0,0,0
Hank Kempf,Cornell,D,32,71,2,5,7,0,0,0,0,16,22
Sullivan Mack,Cornell,F,28,111,8,12,20,1,1,0,2,19,22
Ondrej Psenicka,Cornell,F,26,80,8,11,19,3,1,0,0,10,17
Ian Shane,Cornell,G,30,0,0,1,1,0,0,0,0,2,0
Tim Rego,Cornell,D,32,110,7,13,20,0,1,0,0,18,26
Kyle Penney,Cornell,F,21,74,6,1,7,0,0,1,1,15,13
Kyler Kovich,Cornell,F,32,67,4,8,12,0,1,0,0,23,12
Jack O'Leary,Cornell,F,30,67,7,9,16,0,3,0,0,19,18
Michael Suda,Cornell,D,32,92,0,11,11,0,0,0,0,18,35
Dalton Bancroft,Cornell,F,32,206,15,10,25,3,4,2,0,44,55
Nick DeSantis,Cornell,F,29,77,7,5,12,1,0,0,1,24,15
Jack O'Brien,Cornell,D,26,25,0,3,3,0,0,0,0,2,4
Hoyt Stanley,Cornell,D,31,74,2,10,12,0,0,0,0,36,24
Jake Kraft,Cornell,F,32,86,7,6,13,0,1,0,0,4,16
Tyler Catalano,Cornell,F,32,37,2,4,6,0,1,0,0,26,6
Ben Robertson,Cornell,D,32,103,2,11,13,1,0,0,0,8,27
Jonathan Castagna,Cornell,F,28,104,4,9,13,0,0,0,1,16,18
Ryan Walsh,Cornell,F,32,130,13,12,25,3,2,0,1,16,27
Charlie Major,Cornell,F,24,96,4,12,16,1,1,0,0,6,22
Nicholas Wolfenberg,Cornell,D,13,11,1,1,2,0,0,0,0,2,0
Jimmy Rayhill,Cornell,D,6,3,0,1,1,0,0,0,0,0,0
George Fegaras,Cornell,D,26,95,1,12,13,0,0,0,0,10,31
Sean Donaldson,Cornell,F,16,30,0,0,0,0,0,0,0,19,4
John Fusco,Dartmouth,D,31,191,10,10,20,2,6,0,1,39,63
Sean Chisholm,Dartmouth,F,32,130,15,11,26,4,3,0,1,10,22
Braiden Dorfman,Dartmouth,F,30,88,7,9,16,1,0,0,0,20,25
Trym Lokkeberg,Dartmouth,F,22,4,0,3,3,0,0,0,0,6,1
Ian Pierce,Dartmouth,D,24,76,1,8,9,0,0,0,0,13,31
Steven Townley,Dartmouth,F,32,42,4,4,8,0,1,0,0,2,7
Cam MacDonald,Dartmouth,F,32,62,6,10,16,0,1,1,1,8,9
Cooper Flinton,Dartmouth,F,31,92,11,13,24,4,1,2,2,8,18
Luke Haymes,Dartmouth,F,21,88,12,6,18,1,2,0,0,14,21
Alex Krause,Dartmouth,F,30,45,4,8,12,0,0,0,0,0,3
Emmett Croteau,Dartmouth,G,18,0,0,0,0,0,0,0,0,9,0
Eric Charpentier,Dartmouth,D,32,108,3,8,11,0,0,0,1,26,42
CJ Foley,Dartmouth,D,32,140,11,19,30,1,1,1,2,10,51
Matt Fusco,Dartmouth,D,30,75,1,6,7,1,0,0,0,4,27
Nikita Nikora,Dartmouth,F,32,90,4,26,30,1,0,0,0,4,22
Colin Grable,Dartmouth,D,18,23,0,1,1,0,0,0,0,8,9
Hayden Stavroff,Dartmouth,D,30,114,10,12,22,2,3,0,0,41,24
Tim Busconi,Dartmouth,D,20,22,0,0,0,0,0,0,0,4,8
Hank Cleaves,Dartmouth,F,31,76,5,15,20,0,0,0,0,10,21
Jack Silverberg,Dartmouth,F,29,28,0,5,5,0,0,0,0,15,7
Tucker McRae,Dartmouth,D,25,30,0,1,1,0,0,0,0,6,8
Joshua Schenk,Dartmouth,F,18,23,0,2,2,0,0,0,0,2,3
Roan Clarke,Dartmouth,G,16,0,0,0,0,0,0,0,0,0,0
Nate Morgan,Dartmouth,F,16,9,4,0,4,1,0,0,1,0,1
Oskari Vuorio,Dartmouth,F,4,4,1,0,1,0,0,0,0,0,0
Ian Moore,Harvard,D,32,165,3,11,14,1,0,0,0,14,35
Jack Bar,Harvard,D,25,54,0,3,3,0,0,0,0,25,14
Kyle Aucoin,Harvard,D,28,81,2,2,4,0,0,0,1,8,19
Zakary Karpa,Harvard,F,31,59,1,6,7,0,0,0,0,8,8
Mason Langenbrunner,Harvard,D,33,104,6,4,10,3,1,0,0,24,30
Philip Tresca,Harvard,F,31,83,4,8,12,0,1,0,0,6,16
Ryan Healey,Harvard,D,33,150,4,9,13,2,0,0,0,12,44
Joe Miller,Harvard,F,28,92,5,18,23,0,1,0,0,8,12
Marek Hejduk,Harvard,F,25,44,4,1,5,1,1,0,0,8,7
Casey Severo,Harvard,F,33,99,16,12,28,8,4,0,1,4,14
Aku Koskenvuo,Harvard,G,21,1,0,0,0,0,0,0,0,0,0
Ryan Fine,Harvard,F,24,54,1,4,5,0,0,0,0,2,7
Matthew Morden,Harvard,D,31,73,1,5,6,0,0,0,0,6,24
Michael Callow,Harvard,F,30,88,3,5,8,0,0,0,0,14,13
Ben  MacDonald,Harvard,F,27,102,5,11,16,2,1,0,0,18,19
CamÂ Cameron Johnson,Harvard,F,31,85,5,4,9,0,1,0,0,2,20
Will Hughes,Harvard,F,31,50,1,1,2,0,0,0,0,6,8
Justin Solovey,Harvard,F,33,120,5,7,12,0,0,0,2,16,22
Lucas St. Louis,Harvard,D,33,100,2,9,11,1,1,0,0,12,39
Mick Thompson,Harvard,F,33,120,14,18,32,3,2,2,2,2,18
Alex Gaffney,Harvard,F,4,7,0,0,0,0,0,0,0,0,1
Ben Charette,Harvard,G,16,0,0,0,0,0,0,0,0,0,0
Tommy Lyons,Harvard,F,13,10,0,2,2,0,0,0,0,0,2
Evan Zhang,Harvard,G,1,0,0,0,0,0,0,0,0,0,0
Christian Jimenez,Harvard,D,4,5,0,0,0,0,0,0,0,0,3
Salvatore Guzzo,Harvard,F,21,39,3,0,3,0,0,0,0,8,5
Sean Keohane,Harvard,D,11,33,0,2,2,0,0,0,0,12,15
Luke Khozozian,Harvard,F,1,1,0,0,0,0,0,0,0,0,0
Ross Mitton,Maine,F,29,98,4,7,11,1,1,0,0,38,21
Taylor Makar,Maine,F,35,141,16,12,28,2,6,2,1,47,22
Harrison Scott,Maine,F,35,205,17,15,32,6,1,1,2,24,44
David Breazeale,Maine,D,35,143,3,8,11,0,2,0,0,10,38
Nolan Renwick,Maine,F,35,98,8,13,21,2,0,0,1,22,19
Nicholas Niemo,Maine,F,20,36,3,2,5,0,0,0,0,21,6
Owen Fowler,Maine,F,35,136,8,10,18,1,1,2,1,14,37
Luke Antonacci,Maine,D,27,40,1,2,3,0,0,0,0,4,11
Brandon Holt,Maine,D,31,160,4,16,20,1,0,0,0,12,43
Brandon Chabrier,Maine,D,34,131,0,10,10,0,0,0,0,23,38
Grayson Arnott,Maine,D,20,43,2,0,2,0,1,0,0,4,13
Thomas Freel,Maine,F,35,124,11,7,18,8,2,0,0,16,13
Charlie Russell,Maine,F,32,120,7,17,24,1,2,0,0,22,32
Sully Scholle,Maine,F,35,127,3,13,16,1,1,0,0,8,36
Anthony Calafiore,Maine,F,21,33,1,0,1,0,0,0,0,4,8
Bodie Nobes,Maine,D,18,49,0,4,4,0,0,0,0,4,11
Josh Nadeau,Maine,F,34,219,9,18,27,2,3,1,0,12,68
Albin Boija,Maine,G,34,0,0,0,0,0,0,0,0,0,0
Frank Djurasevic,Maine,D,35,151,7,20,27,2,1,1,1,14,49
Oskar Komarov,Maine,F,34,83,2,5,7,0,0,0,0,4,17
Liam Lesakowski,Maine,D,24,36,0,0,0,0,0,0,0,8,8
Jack Dalton,Maine,D,21,43,0,5,5,0,0,0,0,21,15
Lynden Breen,Maine,F,19,77,6,5,11,1,0,0,0,18,16
Thomas Pichette,Maine,F,16,27,2,3,5,0,1,0,0,0,6
Aidan Carney,Maine,F,5,1,0,0,0,0,0,0,0,2,0
Patriks Berzins,Maine,G,2,0,0,0,0,0,0,0,0,0,0
Colby Enns,Merrimack,D,29,53,0,4,4,0,0,0,0,10,19
Harrison Roy,Merrimack,F,35,108,2,7,9,0,0,0,0,12,10
Josef Mysak,Merrimack,D,34,87,2,8,10,0,0,0,0,25,28
Antonio Venuto,Merrimack,F,35,98,8,6,14,4,1,0,1,8,16
Michael Citara,Merrimack,F,7,22,1,0,1,0,0,0,0,2,6
Ivan Zivlak,Merrimack,D,32,71,3,6,9,0,1,0,0,6,27
Seamus Powell,Merrimack,D,35,144,5,16,21,2,0,0,1,2,48
Zach Bookman,Merrimack,D,33,121,3,14,17,1,0,0,0,22,43
Trevor Griebel,Merrimack,D,24,34,1,4,5,1,0,0,0,19,9
Tyler Young,Merrimack,F,29,94,6,4,10,0,1,0,0,40,14
Cam KungleÂ ,Merrimack,D,32,50,0,1,1,0,0,0,0,12,14
Ethan Bono,Merrimack,F,33,51,5,4,9,0,1,0,1,6,2
David Sacco,Merrimack,F,26,64,9,0,9,1,3,0,0,37,14
Luke Weilandt,Merrimack,F,35,71,1,5,6,0,0,1,0,14,9
Ty Daneault,Merrimack,F,35,116,6,9,15,3,1,0,0,40,24
Nils Wallstrom,Merrimack,G,11,1,0,0,0,0,0,0,0,2,0
Nick Pierre,Merrimack,F,34,168,5,11,16,3,0,0,0,8,30
Caden Cranston,Merrimack,F,35,84,7,10,17,1,2,0,1,2,11
Caelan Fitzpatrick,Merrimack,F,35,105,6,9,15,2,2,0,0,16,18
Max Lundgren,Merrimack,G,24,0,0,0,0,0,0,0,0,0,0
Ryan O'Connell,Merrimack,F,27,55,1,7,8,0,0,0,0,18,11
Max Wattvil,Merrimack,D,11,27,0,0,0,0,0,0,0,4,10
Michael Emerson,Merrimack,F,32,75,6,6,12,0,0,0,0,0,20
Hunter Wallace,Merrimack,F,6,15,2,0,2,0,0,0,0,0,5
Vann Yuhas,Merrimack,F,16,16,2,0,2,0,1,0,0,21,2
Ryan Keyes,Merrimack,G,5,0,0,0,0,0,0,0,0,0,0
Nathan King,Merrimack,D,9,22,0,2,2,0,0,0,0,2,6
Spencer Marquis,Merrimack,G,1,0,0,0,0,0,0,0,0,0,0
Conor Lovett,New Hampshire,F,35,40,5,1,6,1,0,0,0,10,4
Nikolai Jenson,New Hampshire,D,28,86,2,4,6,0,2,0,0,33,35
Luke Reid,New Hampshire,D,35,157,1,11,12,0,0,0,0,10,44
Luis Lindner,New Hampshire,D,28,64,0,6,6,0,0,0,0,4,21
Robert Cronin,New Hampshire,F,35,87,17,11,28,8,2,0,0,20,11
Liam Devlin,New Hampshire,F,35,151,9,14,23,2,0,0,1,40,35
Alex Gagne,New Hampshire,D,35,160,4,13,17,1,1,0,0,46,44
Connor Sweeney,New Hampshire,F,35,56,2,6,8,0,0,0,0,8,6
Colton Huard,New Hampshire,D,35,146,0,10,10,0,0,0,0,22,40
Jack Babbage,New Hampshire,D,19,36,1,0,1,0,0,0,0,6,8
Jared Whale,New Hampshire,G,31,0,0,0,0,0,0,0,0,0,0
Kristaps Skrastins,New Hampshire,F,32,86,3,3,6,0,0,0,0,4,16
Morgan Winters,New Hampshire,F,26,70,2,12,14,0,1,0,1,8,12
Cy LeClerc,New Hampshire,F,33,124,8,20,28,1,1,0,0,12,20
Marty Lavins,New Hampshire,F,35,146,8,9,17,2,1,0,1,34,29
Brendan Fitzgerald,New Hampshire,D,32,71,1,2,3,0,0,0,0,24,25
J.P. Turner,New Hampshire,F,34,105,5,8,13,0,2,1,0,22,16
Jason Siedem,New Hampshire,F,32,44,3,8,11,0,0,0,0,4,10
Nick Ring,New Hampshire,F,35,97,9,11,20,7,1,0,0,4,23
Ryan Conmy,New Hampshire,F,34,258,15,18,33,3,2,0,0,6,75
Ryan MacPherson,New Hampshire,F,18,11,1,1,2,0,0,0,0,2,2
Ronan Walsh,New Hampshire,F,12,6,0,0,0,0,0,0,0,15,2
Rico DiMatteo,New Hampshire,G,8,0,0,0,0,0,0,0,0,0,0
Josh Player,New Hampshire,D,13,17,0,0,0,0,0,0,0,2,7
Connor MacPherson,New Hampshire,F,5,2,0,0,0,0,0,0,0,0,0
Raphael Gaughan,New Hampshire,G,1,0,0,0,0,0,0,0,0,0,0
Jake Higgins,Northeastern,D,35,35,2,1,3,0,0,0,0,4,14
Jake Boltmann,Northeastern,D,34,61,2,10,12,0,0,0,0,39,24
Ryan McGuire,Northeastern,F,36,82,4,3,7,1,0,1,1,14,12
Cristophe Tellier,Northeastern,F,35,90,5,13,18,0,0,0,0,34,19
Vinny Borgesi,Northeastern,D,31,145,5,16,21,0,2,0,0,14,44
Cam Lund,Northeastern,F,36,287,17,21,38,4,3,0,0,14,54
Jackson Dorrington,Northeastern,D,36,140,2,12,14,0,0,0,0,18,33
Nick RhÃ©aume,Northeastern,F,36,85,2,1,3,1,0,0,0,39,10
Joaquim Lemay,Northeastern,D,29,120,3,9,12,1,0,0,0,29,40
Jack Williams,Northeastern,F,36,194,16,25,41,3,3,1,1,25,37
Jack Williams,Notre Dame,G,1,0,0,0,0,0,0,0,0,0,0
Dylan Hryckowian,Northeastern,F,35,172,16,19,35,2,4,1,2,24,25
Andy Moore,Northeastern,F,35,32,0,3,3,0,0,0,0,10,3
Eli Sebastian,Northeastern,F,32,59,1,0,1,0,0,0,0,0,12
Cameron Whitehead,Northeastern,G,34,0,0,1,1,0,0,0,0,0,0
Jack Henry,Northeastern,D,29,28,0,1,1,0,0,0,0,6,8
Joe Connor,Northeastern,F,36,181,7,9,16,1,2,0,0,47,38
Griffin Erdman,Northeastern,F,35,51,1,2,3,0,0,0,0,2,8
James Fisher,Northeastern,F,23,23,1,1,2,0,0,0,0,6,4
Ben Poitras,Northeastern,F,28,42,1,2,3,0,0,0,0,26,9
Seth Constance,Northeastern,D,34,13,0,1,1,0,0,0,0,4,4
Anthony Messuri,Northeastern,F,15,2,0,1,1,0,0,0,0,0,0
Billy Norcross,Northeastern,F,21,18,0,1,1,0,0,0,0,2,5
Kyle Furey,Northeastern,D,2,0,0,0,0,0,0,0,0,0,0
Quentin Sigurdson,Northeastern,G,6,0,0,1,1,0,0,0,0,0,0
Nolan Hayes,Northeastern,D,5,3,0,0,0,0,0,0,0,2,1
Ethan Fredericks,Northeastern,F,5,4,0,0,0,0,0,0,0,0,2
David Ma,Princeton,D,30,99,6,7,13,2,0,0,0,33,35
Noah de la Durantaye,Princeton,D,29,137,4,6,10,2,2,0,0,8,52
Alex Konovalov,Princeton,F,27,51,3,8,11,0,1,0,0,6,10
Ethan Pearson,Princeton,G,17,0,0,0,0,0,0,0,0,0,0
Tyler Rubin,Princeton,D,17,55,2,3,5,0,0,0,0,12,14
Jayden Sison,Princeton,F,24,34,2,4,6,0,0,0,0,10,4
Brendan Gorman,Princeton,F,30,105,12,14,26,2,3,2,1,12,20
Kevin Anderson,Princeton,F,28,88,5,4,9,2,0,0,0,27,14
David Jacobs,Princeton,F,24,66,3,11,14,0,0,0,0,0,12
Nick Marciano,Princeton,D,30,114,4,10,14,2,1,0,0,4,34
Jaxson Ezman,Princeton,F,30,97,7,8,15,1,2,0,0,28,23
Brendan Wang,Princeton,D,24,37,1,1,2,1,0,0,0,2,10
Ian Devlin,Princeton,D,30,55,1,3,4,0,0,0,0,12,16
Carson Buydens,Princeton,F,29,71,1,3,4,0,0,0,0,24,22
Joshua Karnish,Princeton,F,29,52,1,2,3,0,0,0,0,19,12
Jake Manfre,Princeton,F,30,101,8,9,17,3,2,0,0,12,17
Drew Garzone,Princeton,F,25,52,1,3,4,0,0,0,0,6,10
Miles Gunty,Princeton,F,29,79,3,7,10,0,0,0,0,4,22
Luc Pelletier,Princeton,F,29,47,3,5,8,1,0,0,0,35,8
Michael Young,Princeton,F,11,13,0,2,2,0,0,0,0,0,1
Arthur Smith,Princeton,G,13,0,0,0,0,0,0,0,0,0,0
Kai Greaves,Princeton,D,29,73,2,1,3,0,0,0,0,2,30
Julian Facchinelli,Princeton,F,2,2,0,0,0,0,0,0,0,0,0
Pat Reilly,Princeton,D,9,7,0,0,0,0,0,0,0,2,3
Nick Poisson,Providence,F,36,116,8,8,16,0,2,1,1,16,15
Chase Yoder,Providence,F,36,144,5,5,10,1,0,0,2,18,20
Connor Kelley,Providence,D,36,68,1,3,4,0,0,0,0,24,14
Ryan O'Reilly,Providence,F,25,50,6,3,9,0,0,0,0,6,4
Cam Gendron,Providence,F,7,6,0,0,0,0,0,0,0,0,1
Logan Will,Providence,F,36,120,8,15,23,3,3,0,0,4,14
Guillaume Richard,Providence,D,36,112,2,12,14,0,0,1,0,14,30
Taige Harding,Providence,D,36,66,2,12,14,0,1,0,1,46,20
Austen May,Providence,D,33,130,0,13,13,0,0,0,0,6,38
Philip SvedebÃ¤ck,Providence,G,25,0,0,2,2,0,0,0,0,0,0
Hudson Malinoski,Providence,F,34,148,11,12,23,4,2,0,0,14,30
Graham Gamache,Providence,F,36,108,10,10,20,0,1,2,0,8,14
Tanner Adams,Providence,F,36,130,11,11,22,2,3,0,2,8,21
Andrew Centrella,Providence,D,33,73,2,12,14,0,0,0,0,8,25
Tomas Machu,Providence,D,29,61,2,4,6,0,2,0,0,25,18
Alexander Bales,Providence,D,31,71,2,3,5,0,1,0,0,10,21
Will Elger,Providence,F,35,117,8,10,18,2,1,0,0,4,26
Trevor Connelly,Providence,F,22,140,4,9,13,1,1,0,0,29,47
Logan Sawyer,Providence,F,36,142,6,10,16,2,2,0,0,10,21
John Mustard,Providence,F,36,192,7,13,20,2,1,0,0,14,40
Aleksi Kivioja,Providence,F,27,52,3,5,8,0,0,0,2,10,7
Braiden Clark,Providence,F,16,30,1,2,3,0,0,0,0,2,5
Zachary Borgiel,Providence,G,12,0,0,0,0,0,0,0,0,0,0
Carl Fish,Providence,D,9,11,0,0,0,0,0,0,0,0,4
Clint Levens,Providence,F,22,37,3,3,6,0,1,0,0,18,3
Jack Agnew,Rensselaer,D,20,31,1,2,3,0,0,0,0,4,11
Elliott McDermott,Rensselaer,D,35,125,3,15,18,1,0,0,0,4,37
Jakob Lee,Rensselaer,F,35,107,13,7,20,1,2,0,2,26,18
Dovar Tinling,Rensselaer,F,32,88,10,10,20,2,1,0,2,18,19
John Beaton,Rensselaer,F,34,93,6,13,19,3,2,0,1,0,20
Jack Brackett,Rensselaer,F,35,101,6,11,17,0,2,1,0,10,20
Jake Gagnon,Rensselaer,F,33,125,8,7,15,1,1,0,0,12,30
Arvils Bergmanis,Rensselaer,D,35,117,4,4,8,2,0,0,0,22,39
Noah Giesbrecht,Rensselaer,G,30,0,0,1,1,0,0,0,0,0,0
William Gilson,Rensselaer,D,35,173,8,16,24,1,1,0,0,26,50
Max Smolinski,Rensselaer,D,35,167,5,10,15,1,0,0,0,6,63
Nathan Sullivan,Rensselaer,F,20,19,2,2,4,0,0,0,0,0,7
Tyler Hotson,Rensselaer,F,35,121,6,16,22,1,0,0,0,47,36
Brad McNeil,Rensselaer,F,35,45,2,3,5,0,0,0,1,2,2
Jeremie Payant,Rensselaer,F,32,65,3,3,6,0,0,0,0,6,11
Jimmy Goffredo,Rensselaer,D,35,86,2,3,5,0,0,0,0,20,27
Gustavs Ozolins,Rensselaer,D,31,60,1,2,3,0,0,0,0,2,28
Rainers Rullers,Rensselaer,F,34,70,5,8,13,0,0,0,0,25,19
Felix Caron,Rensselaer,F,35,114,6,15,21,3,1,0,1,62,33
Jagger Tapper,Rensselaer,F,29,62,8,12,20,3,2,0,3,8,14
Lucas Matta,Rensselaer,D,17,33,0,0,0,0,0,0,0,8,6
Jack Watson,Rensselaer,G,8,0,0,1,1,0,0,0,0,0,0
Nick Strom,Rensselaer,D,6,12,0,1,1,0,0,0,0,2,3
Brody Maguire,Rensselaer,D,13,18,0,1,1,0,0,0,0,8,8
Sutter Muzzatti,Rensselaer,F,10,25,2,1,3,0,0,0,0,8,7
Carson Dorfman,Rensselaer,G,1,0,0,0,0,0,0,0,0,0,0
Greg Lapointe,St. Lawrence,F,34,170,11,8,19,2,2,0,0,18,34
Tomas Mazura,St. Lawrence,F,17,62,1,13,14,0,1,0,0,4,16
Mason Waite,St. Lawrence,D,35,154,4,12,16,2,1,1,0,6,45
Philippe Chapleau,St. Lawrence,D,35,86,3,8,11,1,1,0,0,12,30
Drake Burgin,St. Lawrence,D,35,100,2,5,7,1,0,0,0,14,36
Ty Naaykens,St. Lawrence,F,27,83,5,5,10,2,0,1,0,19,18
Will Arquiett,St. Lawrence,F,27,48,4,2,6,0,0,0,0,10,12
Oak MacLeod,St. Lawrence,F,4,7,0,0,0,0,0,0,0,0,1
Reilly Connors,St. Lawrence,F,35,82,2,7,9,0,1,0,0,24,7
Felikss Gavars,St. Lawrence,F,34,172,6,9,15,2,0,0,0,25,39
Isack Bandu,St. Lawrence,D,31,54,2,5,7,1,1,0,0,27,11
Jan Olenginski,St. Lawrence,D,29,61,2,4,6,0,0,0,0,10,9
Mason Kucenski,St. Lawrence,G,28,0,0,2,2,0,0,0,0,0,0
Evan Orloff,St. Lawrence,D,19,30,0,2,2,0,0,0,0,10,13
Sam Hall,St. Lawrence,D,22,29,0,2,2,0,0,0,0,8,9
Gabe Westling,St. Lawrence,F,29,58,1,8,9,0,0,0,0,6,16
Jacob Bernadet,St. Lawrence,F,27,65,1,1,2,1,0,0,0,2,9
Spencer Bell,St. Lawrence,F,32,60,3,1,4,1,0,0,0,20,13
Isaac Tremblay,St. Lawrence,F,33,95,4,8,12,0,0,0,0,25,14
Nicholas Beneteau,St. Lawrence,F,32,68,2,4,6,0,1,0,0,6,13
Jake Lammens,St. Lawrence,D,23,38,0,0,0,0,0,0,0,2,12
Gunnar Thoreson,St. Lawrence,F,33,68,5,3,8,0,1,0,0,8,15
Dominic Basse,St. Lawrence,G,10,0,0,0,0,0,0,0,0,0,0
Tyler Cristall,St. Lawrence,F,29,143,8,9,17,3,0,0,0,12,39
Evan Mitchell,St. Lawrence,D,5,2,0,0,0,0,0,0,0,0,1
Cayden Casey,St. Lawrence,F,13,41,1,3,4,0,0,0,0,17,7
Jan Lasak,St. Lawrence,F,16,47,4,2,6,0,0,0,0,4,14
Connor Sullivan,Yale,D,30,96,2,9,11,1,0,0,0,24,30
Dylan Herzog,Yale,D,30,77,2,9,11,1,1,0,0,33,28
William Dineen,Yale,F,30,96,6,12,18,2,0,0,0,24,11
Briggs Gammill,Yale,F,30,135,3,4,7,1,0,0,0,18,33
Kieran O'Hearn,Yale,D,29,67,1,6,7,0,0,0,0,32,19
Kalen Szeto,Yale,F,27,57,4,1,5,1,0,1,0,4,6
Elan Bar-Lev-Wise,Yale,F,24,20,1,1,2,0,0,1,0,8,2
Bayard Hall,Yale,D,27,75,0,4,4,0,0,0,0,12,21
Jack Stark,Yale,G,20,0,0,0,0,0,0,0,0,0,0
David Andreychuk,Yale,F,26,37,1,3,4,0,0,0,0,22,8
Will Richter,Yale,F,30,73,5,6,11,0,0,1,0,14,17
Iisai Pesonen,Yale,F,25,53,1,2,3,0,0,0,0,10,20
Seiya Tanaka-Campbell,Yale,F,20,9,0,0,0,0,0,0,0,4,2
Owen Forester,Yale,D,2,3,0,0,0,0,0,0,0,0,0
Rhys Bentham,Yale,D,8,24,1,3,4,0,0,1,0,2,7
Ronan O'Donnell,Yale,F,29,102,11,9,20,2,3,0,0,31,12
Micah Berger,Yale,D,21,67,5,10,15,3,0,0,0,6,18
Zach Wagnon,Yale,F,30,86,3,11,14,0,1,0,0,18,18
Donovan Frias,Yale,F,30,92,7,5,12,3,0,0,0,20,11
Julian Frias,Yale,F,30,57,2,4,6,1,0,0,0,12,7
JoJo Tanaka-Campbell,Yale,F,10,4,0,0,0,0,0,0,0,2,2
Tucker Hartmann,Yale,D,16,29,1,0,1,0,0,0,0,2,7
David Chen,Yale,F,18,78,10,7,17,2,0,0,1,23,12
Hughie Hooker,Yale,D,26,60,1,5,6,0,1,0,0,10,16
Joe Blackley,Yale,D,9,8,0,1,1,0,0,0,0,0,1
Luke Pearson,Yale,G,6,0,0,0,0,0,0,0,0,0,0
Noah Pak,Yale,G,8,0,0,0,0,0,0,0,0,0,0
Linden Alger,Massachusetts,D,38,92,3,6,9,0,0,0,0,10,17
Joey Musa,Massachusetts,F,31,46,1,1,2,0,0,0,0,6,10
Lucas Mercuri,Massachusetts,F,38,122,10,21,31,2,0,0,0,22,18
Ryan Lautenbach,Massachusetts,F,38,115,6,14,20,0,2,0,1,19,16
Michael Cameron,Massachusetts,F,21,43,3,4,7,1,0,0,1,4,9
Owen Murray,Massachusetts,D,38,128,5,8,13,0,0,0,1,16,26
Kenny Connors,Massachusetts,F,38,197,10,18,28,2,4,0,3,6,50
Cole O'Hara,Massachusetts,F,38,204,22,29,51,7,4,1,1,14,37
Kennedy O'Connor,Massachusetts,D,31,44,0,6,6,0,0,0,0,8,14
Lucas Olvestad,Massachusetts,D,36,138,4,15,19,1,0,0,0,22,48
Cam O'Neill,Massachusetts,F,24,45,2,1,3,0,0,0,0,6,3
Jack Musa,Massachusetts,F,38,167,18,17,35,3,3,0,0,4,27
Dans Locmelis,Massachusetts,F,38,147,7,23,30,3,1,0,0,8,22
Aydar Suniev,Massachusetts,F,33,219,18,18,36,5,3,0,1,24,44
Nick VanTassell,Massachusetts,F,33,38,2,2,4,0,0,0,0,11,5
Bo Cosman,Massachusetts,F,28,34,0,3,3,0,0,0,0,8,5
Michael Hrabal,Massachusetts,G,34,0,0,0,0,0,0,0,0,0,0
Finn Loftus,Massachusetts,D,29,24,0,1,1,0,0,0,0,4,5
Larry Keenan,Massachusetts,D,38,138,3,7,10,0,0,0,0,16,43
Francesco Dell'Elce,Massachusetts,D,38,200,6,16,22,1,2,0,0,12,64
Cam Dunn,Massachusetts,F,6,6,0,0,0,0,0,0,0,0,0
James Duerr,Massachusetts,F,31,29,2,3,5,0,0,0,0,6,3
Kaz Sobieski,Massachusetts,D,5,3,0,0,0,0,0,0,0,2,2
Daniel JenÄko,Massachusetts,F,26,77,5,9,14,2,1,0,0,10,14
Jackson Irving,Massachusetts,G,6,0,0,1,1,0,0,0,0,0,0
Pierson Brandon,UMass Lowell,D,34,96,6,2,8,0,2,1,1,16,21
Jack Robilotti,UMass Lowell,D,35,59,2,4,6,0,1,0,0,32,16
Ben Meehan,UMass Lowell,D,36,133,3,14,17,0,1,0,0,29,42
Henry Welsch,UMass Lowell,G,20,0,0,1,1,0,0,0,0,0,0
Isac Jonsson,UMass Lowell,D,35,150,2,10,12,2,0,0,0,4,46
Matt Crasa,UMass Lowell,F,29,105,5,9,14,1,1,0,0,12,24
Owen Cole,UMass Lowell,F,36,116,8,12,20,3,1,0,0,6,13
Ian Carpentier,UMass Lowell,F,27,75,2,7,9,0,0,0,1,8,21
Scout Truman,UMass Lowell,F,36,166,10,8,18,2,3,0,1,52,49
TJ Schweighardt,UMass Lowell,D,36,100,0,10,10,0,0,0,0,6,29
Connor Eddy,UMass Lowell,F,36,90,5,5,10,0,1,0,0,32,13
Dillan Bentley,UMass Lowell,F,34,130,9,7,16,1,1,0,0,16,20
Jak Vaarwerk,UMass Lowell,F,36,104,5,11,16,1,1,0,1,12,19
Nick Anderson,UMass Lowell,D,35,66,2,12,14,0,0,0,0,14,24
Chris Delaney,UMass Lowell,F,35,102,9,9,18,2,0,0,0,16,22
Mirko Buttazoni,UMass Lowell,F,32,122,5,14,19,1,0,0,0,16,20
Libor Nemec,UMass Lowell,F,26,74,6,6,12,3,2,0,0,14,15
Lee Parks,UMass Lowell,F,34,87,8,6,14,4,1,0,0,10,13
Jacob MacDonald,UMass Lowell,F,14,23,2,2,4,0,0,0,0,4,3
Beni Halasz,UMass Lowell,G,18,0,0,0,0,0,0,0,0,0,0
Jack Collins,UMass Lowell,F,16,21,0,1,1,0,0,0,0,0,0
Girts Silkalns,UMass Lowell,F,10,17,1,2,3,0,0,0,0,2,4
Daniel Buchbinder,UMass Lowell,D,14,8,0,1,1,0,0,0,0,4,4
Stefan Owens,UMass Lowell,F,26,44,2,0,2,0,1,0,0,0,9
Mitchell Becker,UMass Lowell,D,16,23,1,2,3,0,0,0,0,8,10
Sean Kilcullen,UMass Lowell,D,8,6,0,0,0,0,0,0,0,0,1
Jaiden Moriello,UMass Lowell,F,2,3,0,0,0,0,0,0,0,0,1
Dominick Rivelli,UMass Lowell,F,3,2,0,0,0,0,0,0,0,2,0
Ryan St. Louis,Brown,F,23,80,11,18,29,0,6,0,1,2,19
Brett Bliss,Brown,D,31,110,1,4,5,0,1,0,0,10,33
Wyatt Schlaht,Brown,F,11,9,0,0,0,0,0,0,0,2,3
Brendan Clark,Brown,F,31,80,6,6,12,0,1,0,0,30,14
Tony Andreozzi,Brown,D,32,64,1,6,7,0,0,0,0,6,12
Thomas Manty,Brown,F,7,8,0,1,1,0,0,0,0,0,2
Lynden Grandberg,Brown,F,19,17,1,0,1,0,0,0,0,4,3
Noah Wakeford,Brown,F,2,1,0,0,0,0,0,0,0,0,1
Spence Evans,Brown,D,13,10,0,0,0,0,0,0,0,2,4
Nick Traggio,Brown,D,26,81,1,3,4,0,0,0,0,10,24
Ryan Shostak,Brown,F,32,45,3,3,6,0,0,0,1,14,12
Dean Bauchiero,Brown,F,17,25,3,0,3,0,1,0,1,19,6
Tyler Shea,Brown,G,6,0,0,0,0,0,0,0,0,0,0
Lawton Zacher,Brown,G,28,0,0,0,0,0,0,0,0,0,0
Alex Pineau,Brown,D,32,129,7,9,16,2,0,0,0,14,43
Tyler Kopff,Brown,F,32,203,9,19,28,6,1,1,0,12,51
Mike Cataldo,Brown,F,28,32,1,2,3,0,0,0,0,4,4
Ethan Mistry,Brown,D,32,98,2,10,12,0,0,0,0,6,30
Max Scott,Brown,F,32,137,12,14,26,3,1,0,2,21,29
Charlie Gollob,Brown,F,27,56,4,5,9,0,1,0,0,29,12
Ivan Zadvernyuk,Brown,F,32,103,3,7,10,0,0,0,0,33,26
Ryan Kazmouz,Brown,G,1,0,0,0,0,0,0,0,0,0,0
Tanner Hartman,Brown,F,23,21,1,2,3,0,0,0,0,6,3
Jack Hewitt,Brown,D,11,14,0,1,1,0,0,0,0,2,5
Zackary Tonelli,Brown,F,25,49,2,0,2,0,0,2,0,6,6
Tristan Zarsky,Brown,D,20,33,0,0,0,0,0,0,0,6,11
Andrew King,Brown,F,14,16,0,1,1,0,0,0,0,0,5
Brian Nicholas,Brown,F,28,134,11,14,25,4,2,0,0,10,32
Leo Schwartz,Brown,D,20,28,0,2,2,0,0,0,0,6,7
Matthew Brille,Brown,F,4,3,0,0,0,0,0,0,0,2,0
Danny Weight,AIC,F,34,76,5,7,12,1,0,0,0,37,14
Jordan Biro,AIC,F,36,82,3,9,12,1,0,0,0,6,15
Lauri Sertti,AIC,D,37,77,1,6,7,1,0,0,0,6,24
Evan Stella,AIC,D,35,95,1,6,7,0,0,0,0,16,21
Oscar Geschwind,AIC,F,36,93,5,7,12,0,1,0,1,4,16
Brett Bamber,AIC,D,35,165,6,12,18,0,0,0,0,14,39
David Posma,AIC,D,35,66,2,7,9,0,0,0,0,51,17
Blake Dangos,AIC,D,33,53,1,2,3,0,0,0,0,18,18
Josh Barnes,AIC,F,38,162,14,10,24,3,1,0,0,6,36
Brett Rylance,AIC,F,35,123,3,10,13,1,0,0,0,12,24
John Lundy,AIC,F,37,138,10,10,20,6,0,0,0,10,30
Noah Serdachny,AIC,F,37,125,4,12,16,0,2,0,0,10,27
Chase Clark,AIC,G,25,0,0,1,1,0,0,0,0,5,0
Alfred LindbergÂ ,AIC,F,33,119,7,4,11,1,2,0,0,4,27
Dario Beljo,AIC,F,30,58,11,9,20,4,3,0,0,10,16
Hunter Longhi,AIC,F,13,24,2,2,4,1,0,0,0,4,4
Tyler ProciousÂ ,AIC,D,31,83,1,5,6,1,0,0,0,8,26
Tobias LarsenÂ ,AIC,D,17,28,0,2,2,0,0,0,0,10,9
Justin MexicoÂ ,AIC,F,32,96,3,12,15,0,1,0,0,12,21
Wilhelm ForsbergÂ ,AIC,F,20,34,1,5,6,1,0,0,0,6,9
Joey LoVullo,AIC,G,1,0,0,0,0,0,0,0,0,0,0
Timofei Khokhlachev,AIC,F,31,76,8,10,18,1,2,0,1,50,12
Alexander Malinowski,AIC,F,25,71,0,8,8,0,0,0,0,6,12
Casey McDonald,AIC,F,27,58,3,4,7,0,1,0,0,25,11
Peyton GrainerÂ ,AIC,G,12,0,0,0,0,0,0,0,0,0,0
Adam ManjiÂ ,AIC,G,7,1,0,1,1,0,0,0,0,0,0
Tanner WillickÂ ,AIC,D,7,12,0,0,0,0,0,0,0,2,3
Theo Angesved,AIC,D,12,20,1,1,2,0,0,0,0,4,7
Douglas Andersson,AIC,F,8,4,0,1,1,0,0,0,0,2,2
Adam Marshall,Army,F,38,154,7,5,12,0,1,0,0,33,29
Michael Sacco,Army,F,38,98,2,9,11,0,0,0,1,35,16
Joey Baez,Army,F,38,163,7,9,16,0,1,0,0,14,38
Hunter McCoy,Army,F,30,79,4,7,11,0,2,0,0,10,15
Andrew Gilbert,Army,D,38,55,0,3,3,0,0,0,0,8,17
Sean Vlasich,Army,D,33,73,0,5,5,0,0,0,0,6,13
Mac Gadowsky,Army,D,38,199,16,26,42,4,2,0,1,6,61
Easton Zueger,Army,D,36,85,2,3,5,0,0,0,0,28,32
Jon Bell,Army,D,26,73,0,4,4,0,0,0,0,14,22
Pierce Patterson,Army,D,37,111,2,7,9,0,1,0,0,12,37
Nik Hong,Army,F,36,108,11,11,22,3,2,2,0,10,20
Vincent Salice,Army,F,35,123,6,8,14,0,1,0,0,6,26
Barron Woodring,Army,F,38,131,11,15,26,5,2,1,0,12,27
Brent Keefer,Army,F,36,120,7,12,19,2,1,0,1,29,28
Ben Ivey,Army,F,37,108,8,13,21,0,0,0,0,10,19
Jack Ivey,Army,F,38,197,10,15,25,4,2,0,1,6,46
Nils Forselius,Army,F,35,125,7,15,22,3,1,0,0,18,27
Dylan Wegner,Army,F,33,73,2,4,6,0,0,0,0,16,13
Sam Groebner,Army,D,38,52,2,7,9,0,0,0,0,14,17
JJ Cataldo,Army,G,31,0,0,1,1,0,0,0,0,0,0
Jacob Biron,Army,G,2,0,0,1,1,0,0,0,0,0,0
Josh Bohlin,Army,F,3,5,0,0,0,0,0,0,0,0,1
Trevor Smith,Army,F,7,15,0,0,0,0,0,0,0,0,6
Jude Brower,Army,D,6,12,1,0,1,0,0,0,0,0,4
Evan Szary,Army,G,10,0,0,0,0,0,0,0,0,0,0
Stephen Willey,Army,F,6,10,0,2,2,0,0,0,0,0,3
Noah Alvarez,Army,F,3,4,0,0,0,0,0,0,0,0,0
Lucas Kanta,Army,F,5,5,0,0,0,0,0,0,0,2,0
Joey Dosan,Army,F,1,4,0,0,0,0,0,0,0,0,0
Andrew Garby,Army,D,2,2,0,0,0,0,0,0,0,12,2
Owen Nolan,Army,D,8,16,0,0,0,0,0,0,0,10,7
Ethan Leyh,Bentley,F,35,222,16,22,38,6,1,0,5,25,51
A.J. Hodges,Bentley,F,28,137,8,9,17,3,2,0,1,8,29
Nick Bochen,Bentley,D,38,212,8,18,26,1,1,0,1,31,57
Nik Armstrong-Kingkade,Bentley,F,36,131,10,13,23,2,2,2,2,14,21
Artem Buzoverya,Bentley,F,32,48,6,8,14,1,0,0,0,4,7
Tucker Hodgson,Bentley,D,37,54,2,4,6,0,0,0,0,22,19
Tanner Main,Bentley,D,33,88,2,7,9,0,1,0,1,18,19
Stephen Castagna,Bentley,F,38,143,5,18,23,3,1,0,1,19,17
Arlo Merritt,Bentley,F,33,93,8,6,14,0,3,0,1,8,18
Connor Hasley,Bentley,G,34,0,0,0,0,0,0,0,0,0,0
Ryan Upson,Bentley,F,31,53,1,12,13,0,1,0,0,6,12
Ryan Nause,Bentley,D,16,26,0,0,0,0,0,0,0,6,7
Kellan Hjartarson,Bentley,F,38,102,8,6,14,4,3,0,0,4,15
Chase Davis,Bentley,F,23,57,3,4,7,0,0,0,0,4,10
Garrett Horsager,Bentley,D,37,98,0,9,9,0,0,0,0,31,35
Colton Cameron,Bentley,D,35,40,0,5,5,0,0,0,0,8,18
Ryan Mansfield,Bentley,F,31,100,8,10,18,1,3,0,0,4,16
Oliver Salo,Bentley,F,27,76,2,4,6,0,0,0,0,6,18
Oskar Bakkevig,Bentley,F,27,116,10,6,16,1,0,0,2,29,34
Samuel Duerr,Bentley,D,35,172,7,7,14,1,3,0,0,12,53
Jimmy DoyleÂ ,Bentley,F,30,85,0,8,8,0,0,0,0,6,9
David Helledy,Bentley,D,22,30,0,1,1,0,0,0,0,6,8
Jake Black,Bentley,F,20,73,4,3,7,0,1,0,0,4,20
Peter Kramer,Bentley,F,19,47,0,4,4,0,0,0,0,8,7
Pat Lawn,Bentley,D,6,3,0,0,0,0,0,0,0,2,1
Max Beckford,Bentley,G,4,0,0,0,0,0,0,0,0,0,0
Kolby Amici,Bentley,F,5,6,0,0,0,0,0,0,0,2,0
Nicholas Bevilacqua,Bentley,G,2,0,0,0,0,0,0,0,0,0,0
Seth Bernard-Docker,Bentley,D,6,11,0,0,0,0,0,0,0,0,3
Jackson Decker,Canisius,D,34,105,1,12,13,0,0,0,0,16,37
Alec Cicero,Canisius,F,34,79,8,9,17,3,1,0,1,33,24
Mikey Colella,Canisius,F,36,75,4,8,12,0,1,0,0,6,19
Kyle Haskins,Canisius,F,37,169,11,12,23,3,2,0,1,24,44
Cole Kodsi,Canisius,F,31,104,4,8,12,0,1,0,0,8,18
Luke Farthing,Canisius,D,14,43,1,4,5,0,0,0,0,10,14
Cody Schiavon,Canisius,D,34,75,2,0,2,0,0,0,0,24,23
Alton McDermott,Canisius,F,33,78,7,8,15,1,3,0,0,6,14
Matt Vermaeten,Canisius,F,34,81,4,4,8,0,1,0,0,2,12
Oliver Tarr,Canisius,F,30,110,8,7,15,2,0,0,0,8,15
Stefano Bottini,Canisius,F,33,53,3,1,4,0,0,1,0,23,12
Kash Rasmussen,Canisius,F,14,37,2,6,8,2,0,0,0,6,7
Grant Porter,Canisius,F,33,120,10,5,15,5,0,0,1,12,26
Matteo Giampa,Canisius,F,37,150,8,22,30,1,1,0,1,10,38
Trey Funk,Canisius,F,37,86,8,9,17,4,0,0,0,23,8
Ethan Robertson,Canisius,G,20,0,0,1,1,0,0,0,0,0,0
Jack Budd,Canisius,D,28,84,1,10,11,0,0,0,1,12,19
Dominic Payne,Canisius,D,37,131,6,8,14,1,1,1,0,14,34
Ben Bonisteel,Canisius,G,11,0,0,0,0,0,0,0,0,0,0
Carter Patterson,Canisius,D,28,59,1,4,5,0,0,1,1,31,22
Hunter Price,Canisius,F,16,29,0,0,0,0,0,0,0,4,4
Cooper Haar,Canisius,F,9,11,0,2,2,0,0,0,0,4,1
Keegan Langefels,Canisius,D,4,5,0,0,0,0,0,0,0,0,1
Hunter Andrew,Canisius,F,16,35,2,1,3,0,1,0,0,6,4
Christian MacDougall,Canisius,F,1,2,0,0,0,0,0,0,0,17,0
Luke Marshall,Canisius,D,23,47,1,1,2,0,0,0,0,6,10
Jackson Nieuwendyk,Canisius,F,22,33,1,2,3,0,0,1,0,6,4
Robert Kincaid,Canisius,D,22,73,2,4,6,1,0,1,0,0,20
Killian Kiecker-Olson,Canisius,F,22,40,3,2,5,1,0,0,0,6,11
Petter WickstrÃ¶m Stumer,Canisius,G,15,0,0,0,0,0,0,0,0,0,0
Ryan Gillespie,Canisius,F,1,2,0,0,0,0,0,0,0,0,0
Ryan Buckley,Holy Cross,D,13,8,0,1,1,0,0,0,0,4,1
John Gelatt,Holy Cross,F,36,129,7,10,17,2,1,0,0,10,30
Matt Shatsky,Holy Cross,D,27,68,1,8,9,0,0,0,0,8,23
Liam McLinskey,Holy Cross,F,39,273,23,28,51,9,2,1,4,18,68
Timothy Heinke,Holy Cross,F,37,172,12,7,19,3,1,0,1,24,34
Lachlan Getz,Holy Cross,D,37,83,0,8,8,0,0,0,0,32,27
Louden Hogg,Holy Cross,G,1,0,0,0,0,0,0,0,0,0,0
Matt DeBoer,Holy Cross,F,39,184,11,20,31,4,2,0,0,46,37
Devin Phillips,Holy Cross,F,33,127,10,20,30,3,2,0,0,6,26
Jack Seymour,Holy Cross,F,33,126,7,12,19,2,1,0,0,34,30
Michael Abgrall,Holy Cross,F,39,116,8,17,25,0,5,0,1,56,36
Brody Gagno,Holy Cross,D,37,53,1,7,8,0,0,1,0,40,20
Will Elias,Holy Cross,D,31,79,5,6,11,1,1,1,1,16,23
Jack Stockfish,Holy Cross,F,35,146,15,12,27,3,4,0,0,28,40
Connor Welsh,Holy Cross,F,29,38,0,3,3,0,0,0,0,8,7
Jarrod Smith,Holy Cross,F,13,16,0,1,1,0,0,0,0,8,5
Edward Moskowitz,Holy Cross,F,7,8,0,1,1,0,0,0,0,0,0
Ben LeFranc,Holy Cross,D,21,26,1,0,1,0,0,0,0,2,8
William Troutwine,Holy Cross,D,29,57,2,2,4,0,1,0,1,0,22
Matthew Kursonis,Holy Cross,F,26,125,9,14,23,5,3,0,0,14,21
Nic Petruolo,Holy Cross,D,25,57,1,7,8,0,0,0,1,54,22
Thomas Gale,Holy Cross,G,38,0,0,0,0,0,0,0,0,0,0
Mack Oliphant,Holy Cross,D,35,170,3,24,27,0,0,1,0,4,55
Joe Solimine,Holy Cross,F,31,60,1,5,6,0,0,0,0,12,8
Ty Gagno,Holy Cross,F,32,99,4,9,13,0,0,1,1,26,21
Owen Kim,Holy Cross,F,25,82,3,4,7,1,1,0,0,39,16
Michael Hodge,Holy Cross,F,23,42,3,1,4,0,0,0,0,2,7
Steven Agriogianis,Mercyhurst,F,34,89,8,12,20,5,1,0,0,8,20
Mickey Burns,Mercyhurst,F,32,131,10,11,21,2,0,0,0,23,26
Jake Beaune,Mercyhurst,D,26,72,1,2,3,0,0,0,0,36,15
Dustin Geregach,Mercyhurst,D,35,165,7,14,21,1,0,1,0,10,41
Ryan Coughlin,Mercyhurst,F,35,61,5,10,15,0,1,1,0,12,6
Tyler Nasca,Mercyhurst,D,31,54,1,3,4,0,0,0,0,4,16
Barrett Brooks,Mercyhurst,F,25,57,2,7,9,0,0,0,0,2,13
Trent Sambrook,Mercyhurst,D,35,92,0,11,11,0,0,0,0,18,36
Tyler DesRochers,Mercyhurst,D,26,40,5,3,8,1,0,0,1,16,11
Sean James,Mercyhurst,F,34,105,3,8,11,0,0,0,1,10,20
Boris Skalos,Mercyhurst,F,34,158,5,9,14,1,2,0,0,12,39
Cameron Ricotta,Mercyhurst,F,2,2,0,0,0,0,0,0,0,0,0
Spencer Smith,Mercyhurst,F,32,38,1,3,4,0,0,0,0,6,8
Connor Pelc,Mercyhurst,F,28,64,2,5,7,0,0,0,0,29,12
Brendan Lamb,Mercyhurst,F,33,69,2,8,10,1,0,0,0,4,13
Riley Fitzgerald,Mercyhurst,F,32,78,7,7,14,2,0,0,0,6,9
Kaden Muir,Mercyhurst,D,21,22,0,1,1,0,0,0,0,16,6
Christian Kocsis,Mercyhurst,F,25,24,0,2,2,0,0,0,0,10,3
Caleb Price,Mercyhurst,D,24,54,0,7,7,0,0,0,0,0,15
Carter McPhail,Mercyhurst,G,22,0,0,0,0,0,0,0,0,4,0
Will Margel,Mercyhurst,F,24,78,6,6,12,2,0,0,0,16,14
Jaryd Sych,Mercyhurst,D,30,66,2,0,2,0,0,0,0,12,21
Simon Bucheler,Mercyhurst,G,11,0,0,0,0,0,0,0,0,2,0
Dominik Bartecko,Mercyhurst,F,31,77,6,6,12,3,0,0,0,2,13
Davis Fry,Mercyhurst,F,11,8,1,0,1,0,0,0,0,4,1
Michael Chambre,Mercyhurst,G,6,0,0,0,0,0,0,0,0,0,0
Matteo Disipio,Mercyhurst,F,16,38,3,3,6,0,0,0,0,2,10
Kyler Head,Mercyhurst,F,6,13,0,0,0,0,0,0,0,6,1
John Jaworski,Sacred Heart,F,39,140,13,18,31,1,3,1,1,12,24
Tyler Ghirardosi,Sacred Heart,F,32,89,8,11,19,2,1,0,2,12,18
Max Dorrington,Sacred Heart,F,38,96,12,10,22,3,3,0,0,47,12
Gabe Blanchard,Sacred Heart,D,38,113,0,6,6,0,0,0,0,31,35
Hunter Sansbury,Sacred Heart,D,39,159,6,15,21,3,1,0,0,30,39
Marcus Joughin,Sacred Heart,F,39,103,3,18,21,0,0,0,0,14,26
Garrett Sundquist,Sacred Heart,D,20,28,1,3,4,0,0,0,0,2,7
Matt Guerra,Sacred Heart,F,39,122,7,12,19,0,0,0,2,37,29
FÃ©lix Trudeau,Sacred Heart,F,39,231,15,23,38,7,3,0,1,64,53
Reid Pabich,Sacred Heart,F,39,120,13,15,28,0,3,0,2,18,13
Mikey Adamson,Sacred Heart,D,37,178,12,15,27,4,4,0,0,14,66
John Driscoll,Sacred Heart,D,39,119,2,8,10,1,0,0,0,14,44
Jake Hewitt,Sacred Heart,F,32,60,5,8,13,0,2,0,0,14,10
Jake Bongo,Sacred Heart,F,22,45,3,4,7,0,1,0,0,0,10
Cole Galata,Sacred Heart,F,37,49,6,7,13,0,0,0,1,11,10
Cullen DeYoung,Sacred Heart,G,15,0,0,0,0,0,0,0,0,0,0
Aiden VanRooyan,Sacred Heart,D,32,73,1,6,7,0,0,0,0,10,21
Paul Minnehan,Sacred Heart,F,13,25,1,3,4,0,0,0,0,2,6
Michael Rubin,Sacred Heart,D,30,34,1,6,7,0,0,0,0,10,12
Charles Tardif,Sacred Heart,F,35,36,2,9,11,0,0,0,0,14,5
Brendan Dumas,Sacred Heart,F,8,9,0,0,0,0,0,0,0,8,2
Vitaly Levyy,Sacred Heart,F,9,15,0,1,1,0,0,0,0,2,3
Jeremi Tremblay,Sacred Heart,F,22,30,2,4,6,0,0,0,0,21,4
Daniel Ebrahim,Sacred Heart,F,33,85,3,2,5,0,0,0,0,8,14
Rylee Hlusiak,Sacred Heart,F,13,16,1,1,2,0,0,0,0,0,2
Ajeet Gundarah,Sacred Heart,G,26,0,0,1,1,0,0,0,0,0,0
Willyam Gendron,Sacred Heart,F,3,3,0,0,0,0,0,0,0,2,1
Luke Amell,Sacred Heart,D,7,11,1,0,1,0,0,0,0,6,3
Jack O'Dea,Sacred Heart,G,1,0,0,0,0,0,0,0,0,0,0
Aaron Bohlinger,Quinnipiac,D,31,98,3,11,14,2,0,0,1,4,36
Travis Treloar,Quinnipiac,F,36,159,16,19,35,9,4,0,2,2,25
Cooper Moore,Quinnipiac,D,35,140,1,13,14,0,0,1,0,12,59
Jack Ricketts,Quinnipiac,F,36,157,20,7,27,4,5,1,3,45,25
Davis Pennington,Quinnipiac,D,36,161,1,16,17,0,0,0,0,20,61
Jeremy Wilmer,Quinnipiac,F,36,103,14,25,39,5,4,0,1,2,24
Victor Czerneckianair,Quinnipiac,F,36,72,7,9,16,0,0,1,1,21,15
Anthony Cipollone,Quinnipiac,F,36,58,0,3,3,0,0,0,0,9,10
Charlie Leddy,Quinnipiac,D,35,92,1,8,9,0,0,0,0,12,29
Alex Power,Quinnipiac,F,20,27,1,2,3,0,1,0,0,0,7
Nate Benoit,Quinnipiac,D,22,30,0,2,2,0,0,0,0,4,13
Mason Marcellus,Quinnipiac,F,36,133,10,27,37,0,1,1,2,28,30
Andon Cerbone,Quinnipiac,F,36,145,14,20,34,8,2,0,0,16,22
Matej Marinov,Quinnipiac,G,16,0,0,1,1,0,0,0,0,0,0
Elliott Groenewold,Quinnipiac,D,36,126,4,8,12,0,2,0,0,16,49
Tyler Borgula,Quinnipiac,F,36,146,12,13,25,3,1,0,0,20,31
Aaron Schwartz,Quinnipiac,F,36,145,12,18,30,6,1,0,0,2,29
Braden Blace,Quinnipiac,D,26,34,1,2,3,0,0,0,0,4,11
Chris Pelosi,Quinnipiac,F,36,146,12,11,23,2,3,1,1,10,25
Ryan Smith,Quinnipiac,F,31,63,2,3,5,0,0,0,0,21,17
Dylan Silverstein,Quinnipiac,G,23,0,0,0,0,0,0,0,0,0,0
Matthew McGroarty,Quinnipiac,F,18,20,0,2,2,0,0,0,0,2,3
Drew Hockley,Quinnipiac,D,21,61,1,3,4,1,0,0,0,6,22
Noah Altman,Quinnipiac,G,3,0,0,0,0,0,0,0,0,0,0
Noah Eyre,Quinnipiac,F,4,3,0,0,0,0,0,0,0,0,1
Chase Ramsay,Quinnipiac,D,3,0,0,0,0,0,0,0,0,0,0
Will Zapernick,Vermont,F,35,92,3,14,17,0,0,1,0,10,17
Keenan Rancier,Vermont,G,14,0,0,0,0,0,0,0,0,0,0
Joel MÃ¤Ã¤ttÃ¤,Vermont,F,35,85,9,18,27,4,1,1,2,16,12
Luca MÃ¼nzenberger,Vermont,D,31,98,5,7,12,0,0,0,1,18,29
Isak Walther,Vermont,F,33,103,6,11,17,1,2,0,1,10,13
Timofei Spitserov,Vermont,F,33,113,12,6,18,1,2,0,2,4,16
Simon  Jellus,Vermont,F,35,149,9,12,21,2,3,0,0,14,36
Philip TÃ¶rnqvist,Vermont,D,33,69,2,6,8,1,0,0,0,4,22
Jens Richards,Vermont,F,25,58,5,2,7,0,1,0,0,6,13
Dawson Good,Vermont,F,6,8,0,0,0,0,0,0,0,2,2
Thomas Sinclair,Vermont,F,33,71,3,5,8,0,0,0,1,21,13
Massimo Lombardi,Vermont,F,34,106,8,10,18,1,1,0,0,8,22
Sebastian TÃ¶rnqvist,Vermont,D,31,148,1,17,18,1,0,0,0,46,60
Daniel Sambuco,Vermont,F,27,55,2,2,4,0,0,0,0,46,5
Jack Malinski,Vermont,D,15,22,0,1,1,0,0,0,0,6,5
Duncan  Ramsay,Vermont,D,32,50,0,3,3,0,0,0,0,6,14
Charlie Kinsman,Vermont,D,23,26,1,1,2,0,0,0,0,2,4
Colin Kessler,Vermont,F,34,159,12,11,23,5,1,0,0,39,29
Jax Wismer,Vermont,D,34,101,2,13,15,1,0,0,0,22,30
Michael La Starza,Vermont,F,17,30,2,3,5,0,0,0,0,4,9
Xavier Henry,Vermont,D,26,55,4,6,10,0,0,1,0,10,14
Axel Mangbo,Vermont,G,23,0,0,1,1,0,0,0,0,0,0
Blake Steenerson,Vermont,F,31,72,5,8,13,1,0,0,0,23,17
Max Strand,Vermont,F,33,82,8,14,22,4,0,0,0,8,11
Connor MacKenzie,Vermont,G,3,0,0,0,0,0,0,0,0,0,0
Eli Barnett,Vermont,D,8,13,0,0,0,0,0,0,0,2,5
Mateo Dixon,Vermont,F,4,7,1,0,1,0,0,0,0,17,2
Nick Ahern,Vermont,F,3,9,0,1,1,0,0,0,0,0,1
Mario Gasparini,Vermont,D,6,1,0,1,1,0,0,0,0,0,0
Matt Cato,Vermont,F,2,2,0,0,0,0,0,0,0,0,0
Nick Cafarelli,RIT,F,32,75,1,7,8,0,0,0,0,34,21
Dimitri Mikrogiannakis,RIT,D,30,118,4,7,11,0,0,0,0,17,33
Grady Hobbs,RIT,F,30,112,4,5,9,0,1,2,1,8,27
Douglas Scott,RIT,D,28,44,1,1,2,0,0,0,0,10,12
Tanner Andrew,RIT,F,34,122,7,9,16,1,2,0,0,33,26
Gustav Blom,RIT,D,25,54,2,0,2,0,0,0,0,8,16
Philippe Jacques,RIT,F,34,66,4,2,6,0,0,0,0,6,12
Simon Isabelle,RIT,F,35,79,7,7,14,1,1,0,0,12,10
Tyler Mahan,RIT,F,35,49,3,2,5,0,1,1,1,15,6
Adam Jeffery,RIT,F,25,37,1,2,3,0,0,0,0,6,6
Xavier Lapointe,RIT,D,27,131,5,10,15,3,1,0,0,45,48
Tyler Fukakusa,RIT,F,35,116,9,27,36,3,0,0,1,18,27
Kevin Scott,RIT,D,35,80,0,4,4,0,0,0,0,14,30
Christian Catalano,RIT,F,33,214,7,16,23,1,2,0,0,73,55
Crossley Stewart,RIT,D,24,87,3,3,6,0,0,0,0,21,38
Jakub Krbecek,RIT,G,18,0,0,1,1,0,0,0,0,4,0
Ty Whyte,RIT,F,27,38,2,2,4,0,0,0,0,26,10
Tristan Allen,RIT,D,33,92,2,13,15,2,0,0,0,45,40
Mathieu Cobetto-Roy,RIT,F,29,58,0,3,3,0,0,0,0,12,18
Ryan Williams,RIT,D,27,39,0,1,1,0,0,0,0,8,15
Evan Miller,RIT,F,28,33,1,1,2,0,0,0,0,8,8
Trent Burnham,RIT,G,9,0,0,0,0,0,0,0,0,2,0
Matthew Wilde,RIT,F,27,175,18,14,32,5,2,0,1,24,40
Ethan David,RIT,G,12,0,0,0,0,0,0,0,0,0,0
Mason Croucher,RIT,D,20,41,0,0,0,0,0,0,0,10,16
Jake Peterson,Air Force,D,35,51,0,1,1,0,0,0,0,2,15
Clayton Cosentino,Air Force,F,40,165,9,20,29,2,3,0,0,23,26
Andrew DeCarlo,Air Force,F,35,98,5,2,7,0,0,0,0,31,24
Mitchell Digby,Air Force,D,36,70,3,4,7,0,0,2,0,4,24
Austin Schwartz,Air Force,F,40,184,12,9,21,1,4,0,3,6,26
Guy Blessing,Air Force,G,39,1,0,2,2,0,0,0,0,0,0
Holt Oliphant,Air Force,F,38,108,2,7,9,0,0,0,1,6,20
Chris Hedden,Air Force,D,39,338,11,15,26,3,1,1,0,52,106
Sam Jacobs,Air Force,F,17,29,1,2,3,0,0,0,0,2,4
Owen Dubois,Air Force,F,34,67,3,3,6,2,0,0,0,23,13
Nick Remissong,Air Force,F,36,103,4,11,15,0,2,0,0,14,20
Nolan Cunningham,Air Force,D,40,201,5,13,18,3,0,0,0,26,79
Will Staring,Air Force,D,39,214,1,8,9,1,0,0,0,26,65
Brendan Gibbons,Air Force,F,39,181,9,9,18,1,0,0,0,15,31
Ethan  Ullrick,Air Force,F,13,29,1,0,1,0,1,0,0,0,6
Sam Stitz,Air Force,F,39,106,8,8,16,2,1,0,0,8,15
Ren Morque,Air Force,D,39,85,0,7,7,0,0,0,0,2,21
Michael Kadlecik,Air Force,F,22,40,0,3,3,0,0,0,0,4,9
Beau Janzig,Air Force,D,40,115,0,5,5,0,0,0,0,6,37
Will Dawson,Air Force,F,33,94,2,8,10,0,0,0,0,10,21
Mason McCormick,Air Force,F,35,116,5,5,10,1,3,0,0,41,20
James Callahan,Air Force,D,5,3,0,0,0,0,0,0,0,0,0
Anthony Yu,Air Force,F,29,72,3,4,7,1,1,0,0,8,13
Nick Sajevic,Air Force,F,20,61,2,5,7,0,0,0,0,4,17
Carter Clafton,Air Force,G,3,0,0,0,0,0,0,0,0,0,0
Will Jones,Air Force,D,2,4,0,0,0,0,0,0,0,0,2
Jasper Lester,Air Force,D,12,23,0,0,0,0,0,0,0,23,8
Luke Mylymok,Niagara,F,10,19,1,1,2,1,0,0,0,2,4
Braden Doyle,Niagara,D,37,87,1,9,10,1,0,0,0,12,22
Noah Carlin,Niagara,D,37,79,4,3,7,0,0,0,1,18,24
Brett Roloson,Niagara,F,25,20,1,7,8,0,0,0,0,0,4
Kyler Kleven,Niagara,F,26,42,3,6,9,0,0,0,0,10,11
Alex Murray,Niagara,D,37,130,3,14,17,1,0,0,0,28,42
Jay Ahearn,Niagara,F,36,197,19,20,39,3,4,1,1,23,47
Jonathan Ziskie,Niagara,D,6,9,1,0,1,0,0,0,0,0,1
Lane Brockhoff,Niagara,D,15,28,0,1,1,0,0,0,0,4,10
Grayson Dietrich,Niagara,F,32,60,5,6,11,0,1,1,0,33,13
Glebs Prohorenkovs,Niagara,F,37,116,9,22,31,1,3,0,2,16,28
Johnny Wescoe,Niagara,F,25,54,1,2,3,0,0,0,0,2,7
Noah Hackett,Niagara,F,36,151,11,7,18,4,3,0,0,10,31
Ross RolosonÂ ,Niagara,D,37,126,3,11,14,0,0,0,0,6,40
Tyler Wallace,Niagara,F,37,192,14,12,26,6,2,0,1,12,43
Deivs Rolovs,Niagara,G,2,0,0,0,0,0,0,0,0,0,0
Nathan Oickle,Niagara,D,37,110,3,6,9,0,0,0,0,14,47
Trevor Hoskin,Niagara,F,36,123,12,27,39,2,1,0,0,12,28
Andy Reist,Niagara,F,32,132,1,7,8,0,0,0,0,16,29
Spencer Young,Niagara,F,34,70,7,5,12,0,0,1,1,19,10
Pierce Charleson,Niagara,G,34,0,0,0,0,0,0,0,0,0,0
Drew Vieten,Niagara,F,20,19,2,3,5,0,0,0,0,4,3
Lars RÃ¸dne,Niagara,F,29,143,10,4,14,3,0,0,1,6,33
Shane Ott,Niagara,F,35,150,9,25,34,1,3,1,0,10,23
Ray Murakami,Niagara,D,16,24,2,2,4,0,0,0,0,2,8
Ethan Lund,Niagara,D,26,66,2,5,7,0,1,0,0,14,20
Rainers Darzins,Niagara,F,3,0,0,0,0,0,0,0,0,0,0
Mitchell Day,Niagara,G,1,0,0,0,0,0,0,0,0,0,0
Nicklas Andrews,Michigan State,D,35,97,2,15,17,0,0,0,1,14,32
Red Savage,Michigan State,F,20,57,5,6,11,0,0,1,1,6,7
David Gucciardi,Michigan State,D,35,165,6,9,15,0,0,1,1,42,50
Tanner Kelly,Michigan State,F,35,108,7,9,16,2,1,0,0,18,25
Joey Larson,Michigan State,F,35,192,10,13,23,3,2,0,0,22,38
Matt Basgall,Michigan State,D,35,184,6,20,26,3,1,0,0,6,48
Tiernan Shoudy,Michigan State,F,35,115,8,9,17,0,0,0,1,24,19
Daniel Russell,Michigan State,F,35,152,12,11,23,2,7,1,2,25,21
Karsen Dorwart,Michigan State,F,33,173,11,16,27,4,3,0,0,12,36
Charlie Stramel,Michigan State,F,35,131,9,16,25,1,4,1,0,26,24
Isaac  Howard,Michigan State,F,35,278,24,23,47,4,3,0,1,10,69
Patrick Geary,Michigan State,D,35,123,1,6,7,0,0,0,0,43,45
Austin Oravetz,Michigan State,D,11,13,0,3,3,0,0,0,0,15,2
Tommi MÃ¤nnistÃ¶,Michigan State,F,35,123,3,8,11,0,0,1,0,6,25
Griffin Jurecki,Michigan State,F,22,61,0,2,2,0,0,0,0,0,6
Luca Di Pasquo,Michigan State,G,7,0,0,0,0,0,0,0,0,0,0
Owen West,Michigan State,D,32,66,0,3,3,0,0,0,0,20,21
Vladislav Lukashevich,Michigan State,D,27,48,1,6,7,0,0,0,0,4,17
Mikey DeAngelo,Michigan State,F,31,59,3,6,9,0,0,0,0,19,11
Shane Vansaghi,Michigan State,F,35,94,6,10,16,2,2,0,0,28,15
Trey Augustine,Michigan State,G,28,0,0,3,3,0,0,0,0,0,0
Maxim Å trbÃ¡k,Michigan State,D,31,125,3,15,18,0,0,0,0,16,37
Gavin O'Connell,Michigan State,F,26,82,5,6,11,0,2,0,0,10,9
Nathan Mackie,Michigan State,F,9,11,0,1,1,0,0,0,0,6,2
Tim Lovell,Michigan,D,10,21,0,2,2,0,0,0,0,8,9
Jacob Truscott,Michigan,D,36,129,3,13,16,3,0,0,0,27,49
Philippe Lapointe,Michigan,F,34,51,6,6,12,0,0,0,1,10,9
Thomas Daskas,Michigan,F,14,13,1,0,1,0,1,0,0,6,5
Ethan Edwards,Michigan,D,36,171,5,16,21,4,1,0,0,40,48
Mark Estapa,Michigan,F,35,90,2,10,12,1,0,0,0,32,13
Tyler Duke,Michigan,D,29,88,5,8,13,0,0,0,1,33,32
Josh Eernisse,Michigan,F,36,106,1,10,11,0,0,0,1,34,18
T.J. Hughes,Michigan,F,36,204,15,23,38,9,1,0,0,12,43
Jackson Hallum,Michigan,F,36,127,8,10,18,1,2,0,1,18,31
Kienan Draper,Michigan,F,33,81,7,2,9,0,1,0,0,37,13
Luca Fantilli,Michigan,D,34,78,1,5,6,0,0,0,0,8,26
Evan Werner,Michigan,F,33,148,11,10,21,2,2,0,0,21,30
Nick Moldenhauer,Michigan,F,29,75,3,7,10,0,0,0,1,4,15
Garrett Schifsky,Michigan,F,36,164,11,9,20,1,4,3,1,14,43
William Whitelaw,Michigan,F,35,174,11,7,18,4,2,0,0,30,36
Hunter Hady,Michigan,D,30,34,0,1,1,0,0,0,0,35,9
Dakoda RhÃ©aume-Mullen,Michigan,D,34,57,3,6,9,0,0,0,0,8,16
Michael Hage,Michigan,F,33,135,13,21,34,2,4,0,0,23,40
Cameron Korpi,Michigan,G,19,0,0,0,0,0,0,0,0,2,0
Andrew Albano,Michigan,G,1,0,0,0,0,0,0,0,0,0,0
Logan Stein,Michigan,G,23,0,0,1,1,0,0,0,0,0,0
Christian Humphreys,Michigan,F,10,20,0,1,1,0,0,0,0,0,10
Tanner Rowe,Michigan,F,19,32,0,0,0,0,0,0,0,4,15
Will Felicio,Michigan,D,24,32,2,9,11,0,0,0,0,2,14
Josh Orrico,Michigan,D,7,7,0,0,0,0,0,0,0,0,2
Will Horcoff,Michigan,F,18,75,4,6,10,3,0,0,1,6,12
Jimmy Dowd Jr.,Penn State,D,24,78,1,9,10,0,0,0,0,17,27
Tyler Paquette,Penn State,F,35,54,3,3,6,0,0,1,0,12,8
Simon Mack,Penn State,D,37,179,3,24,27,0,2,0,0,6,52
Carson Dyck,Penn State,F,24,16,1,2,3,0,1,0,0,0,1
Ben Schoen,Penn State,F,34,77,7,12,19,4,0,0,0,27,14
Danny Dzhaniyev,Penn State,F,37,202,12,18,30,4,0,0,0,4,30
Arsenii Sergeev,Penn State,G,30,0,0,2,2,0,0,0,0,0,0
Carter Schade,Penn State,D,35,128,0,9,9,0,0,0,0,26,35
Alex Servagno,Penn State,F,17,27,0,1,1,0,0,0,0,4,5
Jarod Crespo,Penn State,D,33,71,2,5,7,0,0,1,0,10,20
Matt DiMarsico,Penn State,F,36,239,14,15,29,4,2,0,0,28,51
Aiden Fink,Penn State,F,37,229,23,29,52,8,4,2,3,12,45
Dane Dowiak,Penn State,F,37,104,9,8,17,2,1,2,0,18,20
Reese Laubach,Penn State,F,32,151,15,15,30,2,3,1,1,57,24
Keaton Peters,Penn State,F,32,59,2,3,5,0,1,0,0,6,9
Nick Fascia,Penn State,D,24,47,0,3,3,0,0,0,0,13,22
Charlie Cerrato,Penn State,F,35,140,15,22,37,2,2,0,0,58,29
Nicholas DeGraves,Penn State,F,30,35,3,5,8,0,0,0,0,8,8
JJ Wiebusch,Penn State,F,37,120,12,18,30,4,2,0,0,14,16
Cade Christenson,Penn State,D,36,86,2,7,9,0,0,0,1,10,30
Dylan Lugris,Penn State,F,31,74,4,8,12,1,1,0,0,4,13
Casey Aman,Penn State,D,33,77,1,6,7,0,1,0,0,10,21
Braedon Ford,Penn State,F,14,10,1,0,1,0,0,1,0,15,2
Jason Gallucci,Penn State,D,12,22,0,0,0,0,0,0,0,8,7
John Seifarth,Penn State,G,6,0,0,0,0,0,0,0,0,0,0
Noah Grannan,Penn State,G,3,0,0,0,0,0,0,0,0,0,0
Owen Lindmark,Wisconsin,F,37,95,5,4,9,2,0,1,0,12,17
Anthony Kehrer,Wisconsin,D,35,94,1,11,12,0,0,0,0,14,26
Cody Laskosky,Wisconsin,F,27,76,7,4,11,1,1,1,1,4,18
Ryland Mosley,Wisconsin,F,37,188,18,19,37,4,0,0,0,21,26
Daniel Laatsch,Wisconsin,D,22,57,2,3,5,0,2,0,0,2,15
Tommy Scarfone,Wisconsin,G,32,0,0,1,1,0,0,0,0,0,0
Tyson Dyck,Wisconsin,F,37,135,3,10,13,0,2,0,0,10,25
Kyle Kukkonen,Wisconsin,F,37,160,10,9,19,3,2,0,1,22,27
Christian Fitzgerald,Wisconsin,F,37,156,6,11,17,1,1,0,0,24,32
Jack Horbach,Wisconsin,F,34,80,3,6,9,0,0,1,0,21,15
Simon Tassy,Wisconsin,F,31,110,6,5,11,1,2,0,0,10,14
Zach Schulz,Wisconsin,D,28,77,2,9,11,0,1,0,0,10,24
Joe Palodichuk,Wisconsin,D,25,52,1,3,4,1,0,0,0,8,19
Owen Mehlenbacher,Wisconsin,F,25,56,4,2,6,1,1,0,0,2,10
Quinn Finley,Wisconsin,F,37,287,20,20,40,8,1,0,1,31,75
Sawyer Scholl,Wisconsin,F,34,83,3,6,9,0,0,0,0,26,12
Gavin Morrissey,Wisconsin,F,37,125,9,23,32,3,0,0,0,14,26
Jack Phelan,Wisconsin,D,36,54,0,4,4,0,0,0,0,14,15
Ryan Botterill,Wisconsin,F,31,104,4,3,7,1,0,0,0,2,23
Adam Pietila,Wisconsin,F,31,56,1,2,3,0,0,0,0,57,12
Ben Dexheimer,Wisconsin,D,35,158,1,16,17,0,0,0,0,2,46
Logan Hensler,Wisconsin,D,32,102,2,10,12,1,0,0,0,27,37
Weston Knox,Wisconsin,D,10,11,0,3,3,0,0,0,0,4,2
William Gramme,Wisconsin,G,8,0,0,0,0,0,0,0,0,0,0
Luke Buss,Wisconsin,F,5,5,0,0,0,0,0,0,0,0,1
Mike Koster,Minnesota,D,39,100,4,15,19,3,1,0,1,14,30
Mason Nevers,Minnesota,F,32,51,6,3,9,0,1,0,0,4,12
Aaron Huglen,Minnesota,F,38,106,5,14,19,1,0,0,0,10,22
Matthew Wood,Minnesota,F,38,211,17,21,38,3,2,0,1,14,38
Ryan Chesley,Minnesota,D,39,201,8,12,20,0,2,1,0,48,54
Connor Kurth,Minnesota,F,39,170,17,21,38,2,4,0,2,10,31
Brody Lamb,Minnesota,F,38,135,16,9,25,8,2,1,2,12,21
Luke Mittelstadt,Minnesota,D,39,136,2,16,18,1,0,0,0,8,33
Jimmy Snuggerud,Minnesota,F,39,308,22,27,49,4,2,0,2,29,77
Cal Thomas,Minnesota,D,26,62,1,8,9,0,0,0,0,6,16
Sam Rinzel,Minnesota,D,39,207,10,21,31,3,2,0,1,12,58
Oliver Moore,Minnesota,F,37,160,12,20,32,2,1,0,2,6,16
Jimmy Clark,Minnesota,F,38,142,5,16,21,1,1,0,1,0,31
Nathan Airey,Minnesota,G,18,0,0,1,1,0,0,0,0,0,0
John Whipple,Minnesota,D,29,34,0,3,3,0,0,0,0,6,6
August Falloon,Minnesota,F,22,40,2,3,5,0,1,0,0,0,12
Beckett Hendrickson,Minnesota,F,38,105,3,9,12,0,0,0,0,18,17
Leo Gruba,Minnesota,D,39,93,1,2,3,0,1,0,0,10,29
Erik PÃ¥hlsson,Minnesota,F,29,88,3,15,18,0,1,1,1,6,13
Brodie Ziemer,Minnesota,F,37,154,12,11,23,1,2,0,2,21,37
Nick Michel,Minnesota,F,10,14,1,3,4,0,0,0,0,17,3
John Mittelstadt,Minnesota,F,34,59,3,5,8,0,2,0,0,0,7
Axel Begley,Minnesota,D,15,10,0,0,0,0,0,0,0,0,4
Liam Souliere,Minnesota,G,24,0,0,1,1,0,0,0,0,0,0
Joe Dunlap,Ohio State,F,37,167,5,13,18,1,1,0,0,22,38
Gunnarwolfe Fontaine,Ohio State,F,38,176,16,23,39,6,2,0,1,6,34
Aiden Hansen-Bukata,Ohio State,D,36,92,2,24,26,1,1,0,0,20,18
Brent Johnson,Ohio State,D,36,103,5,8,13,0,1,0,0,4,32
Caden Brown,Ohio State,F,2,3,1,1,2,0,1,0,0,0,0
Logan Terness,Ohio State,G,23,0,0,1,1,0,0,0,0,0,0
Davis Burnside,Ohio State,F,38,159,14,19,33,4,2,0,2,16,36
Jake Dunlap,Ohio State,F,18,60,0,3,3,0,0,0,0,0,12
Damien Carfagna,Ohio State,D,36,152,6,20,26,2,1,1,1,6,40
Riley Thompson,Ohio State,F,38,163,17,15,32,6,3,1,2,30,16
Nathan McBrayer,Ohio State,D,38,113,4,6,10,1,0,0,0,20,36
Max Montes,Ohio State,F,38,150,13,12,25,0,4,0,1,16,34
Sam Deckhut,Ohio State,F,35,64,6,8,14,0,1,0,0,10,14
Ryan Gordon,Ohio State,F,37,69,5,8,13,0,1,0,0,27,10
Theo Wallberg,Ohio State,D,27,42,0,8,8,0,0,0,0,10,15
Chris Able,Ohio State,D,30,31,0,8,8,0,0,0,0,6,10
Jake Rozzi,Ohio State,F,31,60,5,6,11,0,3,0,0,2,12
Noah Powell,Ohio State,F,17,50,2,3,5,0,0,0,0,4,15
James Hong,Ohio State,F,32,76,4,9,13,0,0,0,0,17,8
Nathan Lewis,Ohio State,F,25,43,2,4,6,0,0,0,0,2,9
Thomas Weis,Ohio State,F,33,58,2,4,6,0,0,0,0,17,17
Kristoffer Eberly,Ohio State,G,17,0,0,0,0,0,0,0,0,0,0
William Smith,Ohio State,D,34,105,3,3,6,0,1,0,0,29,31
Dylan Godbout,Ohio State,F,14,14,0,1,1,0,0,0,0,2,2
Patrick Guzzo,Ohio State,F,34,95,9,7,16,0,2,0,1,8,12
Chris Romaine,Ohio State,D,9,16,0,0,0,0,0,0,0,4,3
John Larkin,Ohio State,D,6,11,0,0,0,0,0,0,0,0,3
Tyler Coffey,Colorado College,F,23,87,4,2,6,0,1,0,0,0,24
Ty Gallagher,Colorado College,D,37,248,9,17,26,2,0,1,1,12,74
Stanley Cooley,Colorado College,F,37,108,6,6,12,1,2,0,0,28,14
Ryan Beck,Colorado College,F,26,60,0,7,7,0,0,0,0,8,11
Ethan Straky,Colorado College,D,32,89,0,6,6,0,0,0,0,24,31
Noah Laba,Colorado College,F,29,114,10,16,26,0,2,0,1,25,23
Gleb Veremyev,Colorado College,F,37,116,9,8,17,2,0,0,0,50,26
Kaidan Mbereko,Colorado College,G,31,0,0,0,0,0,0,0,0,0,0
Charlie Strobel,Colorado College,F,6,18,0,1,1,0,0,0,0,6,4
Zaccharya Wisdom,Colorado College,F,36,136,8,13,21,0,2,0,0,12,29
Max Burkholder,Colorado College,D,37,165,6,20,26,3,1,0,0,12,59
Bret Link,Colorado College,F,37,161,7,14,21,2,2,0,0,24,25
Tyler Dunbar,Colorado College,D,14,35,0,1,1,0,0,0,0,21,10
Klavs Veinbergs,Colorado College,F,36,110,9,10,19,4,0,0,1,32,23
Drew Montgomery,Colorado College,F,34,99,10,8,18,1,4,0,0,18,19
Brady Cleveland,Colorado College,D,37,67,1,2,3,0,1,0,0,39,25
Philippe Blais-Savoie,Colorado College,D,30,118,4,11,15,1,2,0,0,10,26
Owen Beckner,Colorado College,F,37,84,7,20,27,2,0,0,0,4,17
Fisher Scott,Colorado College,D,34,78,3,7,10,0,1,0,0,12,25
Gavin Lindberg,Colorado College,F,37,78,5,5,10,1,0,0,0,8,6
Riley Stuart,Colorado College,F,21,30,1,0,1,0,0,0,0,36,6
Ryan Koering,Colorado College,D,30,67,1,2,3,0,0,0,0,2,19
Chase McLane,Colorado College,F,33,59,5,5,10,0,0,0,0,26,14
Carsen Musser,Colorado College,G,9,0,0,0,0,0,0,0,0,0,0
Tommy Middleton,Colorado College,F,21,38,1,4,5,0,0,0,0,8,9
Jordan Brisson,Colorado College,F,1,1,0,0,0,0,0,0,0,0,1
Henry Wilder,Colorado College,G,2,0,0,0,0,0,0,0,0,0,0
Connor Caponi,Denver,F,37,60,3,4,7,0,1,0,0,51,12
Carter King,Denver,F,39,183,20,18,38,8,4,1,1,16,32
Jack Devine,Denver,F,39,229,13,41,54,5,0,0,1,32,38
Matt Davis,Denver,G,35,0,0,1,1,0,0,0,0,0,0
Samu Salminen,Denver,F,39,95,10,15,25,1,0,2,0,22,17
Aidan Thompson,Denver,F,39,265,18,31,49,7,2,0,1,26,44
Rieger Lorenz,Denver,F,39,143,6,13,19,2,1,0,0,16,25
Jared Wright,Denver,F,39,102,8,6,14,0,1,0,0,6,14
Kent Anderson,Denver,D,39,82,1,7,8,0,1,0,0,12,32
Eric Pohlkamp,Denver,D,39,289,9,22,31,3,1,0,1,22,70
Cale Ashcroft,Denver,D,39,88,4,7,11,0,3,0,0,8,22
Garrett Brown,Denver,D,37,53,2,4,6,0,0,0,0,16,11
Boston Buckberger,Denver,D,39,173,8,21,29,0,1,0,1,20,49
Kieran Cebrian,Denver,F,39,87,6,8,14,0,1,0,0,14,17
Zeev Buium,Denver,D,36,171,10,32,42,3,3,0,2,40,48
Sam Harris,Denver,F,38,164,21,12,33,9,7,0,0,42,25
Tory Pitner,Denver,D,35,9,0,1,1,0,0,0,0,21,4
Hagen Burrows,Denver,F,34,39,1,8,9,0,0,0,0,12,6
Jake Fisher,Denver,F,37,87,7,7,14,1,0,0,0,12,21
James Reeder,Denver,F,39,91,10,11,21,5,2,0,0,0,22
Alex Weiermair,Denver,F,9,12,0,2,2,0,0,0,0,0,1
Peter LaJoy,Denver,F,5,1,0,0,0,0,0,0,0,2,0
Freddie Halyk,Denver,G,9,0,0,0,0,0,0,0,0,2,0
Colby Ambrosio,Miami,F,34,132,7,13,20,2,0,0,0,45,33
Hampus Rydqvist,Miami,D,27,84,2,3,5,0,0,0,0,10,18
Dylan Moulton,Miami,D,33,82,3,4,7,0,0,0,0,16,10
Brett Miller,Miami,G,7,0,0,0,0,0,0,0,0,0,0
Christophe Fillion,Miami,F,34,88,4,6,10,1,0,0,1,16,17
Conner Hutchison,Miami,D,33,110,2,7,9,0,0,0,0,22,36
Matt Choupani,Miami,F,34,90,6,10,16,2,1,0,0,28,17
Spencer Cox,Miami,D,20,47,1,3,4,0,0,0,0,19,14
Brayden Morrison,Miami,F,23,21,0,2,2,0,0,0,0,20,3
Blake Mesenburg,Miami,F,34,53,4,3,7,0,0,1,0,12,7
Max Dukovac,Miami,F,25,52,5,5,10,2,0,0,0,14,11
Zane Demsey,Miami,D,28,37,1,2,3,0,0,0,0,40,16
Frankie Carogioiello,Miami,F,31,30,1,1,2,0,0,0,0,24,10
Johnny Waldron,Miami,F,28,83,4,16,20,3,0,0,0,8,18
Raimonds Vitolins,Miami,F,31,75,4,10,14,1,0,1,0,12,14
Rihards SimanoviÄs,Miami,D,34,56,1,3,4,0,0,0,0,10,20
Bruno Bruveris,Miami,G,19,0,0,1,1,0,0,0,0,0,0
Michael Quinn,Miami,D,34,106,2,10,12,1,0,0,0,4,32
John Emmons,Miami,F,21,34,1,0,1,0,0,0,0,29,11
Casper Nassen,Miami,F,34,94,6,4,10,4,1,0,0,10,19
Michael Feenstra,Miami,D,12,12,1,2,3,0,0,0,0,16,2
Teodor Forssander,Miami,F,11,7,0,0,0,0,0,0,0,0,2
Ethan Dahlmeir,Miami,G,14,0,0,1,1,0,0,0,0,0,0
William HallÃ©n,Miami,F,9,14,2,0,2,0,1,0,0,4,2
Tanyon Bajzer,Miami,F,13,10,0,0,0,0,0,0,0,0,4
Nick Donato,Miami,D,13,20,0,0,0,0,0,0,0,21,8
Artur Turansky,Miami,F,11,17,0,1,1,0,0,0,0,0,5
Joe Molenaar,Minnesota Duluth,F,31,75,3,3,6,0,0,1,0,6,14
Luke Bast,Minnesota Duluth,D,12,8,0,1,1,0,0,0,0,2,3
Dominic  James,Minnesota Duluth,F,35,193,14,16,30,5,3,0,0,20,35
Owen Gallatin,Minnesota Duluth,D,36,153,4,11,15,0,1,0,1,15,46
Carter Loney,Minnesota Duluth,F,33,70,3,5,8,0,1,0,0,40,14
Kyle Bettens,Minnesota Duluth,F,32,43,1,5,6,0,0,0,0,12,9
Aiden Dubinsky,Minnesota Duluth,D,36,106,4,10,14,0,0,0,0,20,31
Joey Pierce,Minnesota Duluth,D,36,117,1,4,5,0,0,0,0,50,27
Jack Smith,Minnesota Duluth,F,33,78,4,5,9,0,2,0,0,23,14
Zach Sandy,Minnesota Duluth,G,4,0,0,0,0,0,0,0,0,0,0
Aaron Pionk,Minnesota Duluth,D,36,155,3,23,26,1,1,0,0,12,42
Anthony Menghini,Minnesota Duluth,F,34,172,12,7,19,3,2,0,1,15,32
Matthew Perkins,Minnesota Duluth,F,29,69,1,4,5,0,0,0,0,14,13
Ty Hanson,Minnesota Duluth,D,36,121,4,10,14,1,0,1,0,14,36
Adam Kleber,Minnesota Duluth,D,33,89,2,3,5,0,0,0,0,13,13
Max Plante,Minnesota Duluth,F,23,134,9,19,28,3,1,0,0,16,32
Jayson Shaugabay,Minnesota Duluth,F,36,91,12,14,26,5,0,0,0,4,14
Blake Bechen,Minnesota Duluth,F,34,62,5,4,9,0,1,0,0,12,8
Callum Arnott,Minnesota Duluth,F,36,88,6,4,10,4,0,0,0,2,11
Zam Plante,Minnesota Duluth,F,33,165,7,13,20,2,0,0,0,0,23
Riley Bodnarchuk,Minnesota Duluth,D,12,7,0,0,0,0,0,0,0,6,1
Harper Bentz,Minnesota Duluth,F,27,71,2,7,9,1,0,0,0,4,12
Adam Gajan,Minnesota Duluth,G,21,0,0,0,0,0,0,0,0,0,0
Trevor Stachowiak,Minnesota Duluth,F,2,1,0,0,0,0,0,0,0,0,0
Braden  Fischer,Minnesota Duluth,F,19,22,2,3,5,0,1,0,0,8,4
Klayton Knapp,Minnesota Duluth,G,16,0,0,0,0,0,0,0,0,0,0
Will Francis,Minnesota Duluth,D,4,4,0,0,0,0,0,0,0,5,0
Nolan Krenzen,Omaha,D,36,78,0,11,11,0,0,0,0,18,19
Jimmy Glynn,Omaha,F,35,92,8,7,15,4,1,0,0,14,18
Brock Bremer,Omaha,F,36,111,4,8,12,2,0,0,0,20,21
Harrison Israels,Omaha,F,34,91,10,15,25,3,1,1,0,14,8
Aiden Gallacher,Omaha,D,6,11,0,1,1,0,0,0,0,2,4
Sam Stange,Omaha,F,36,135,16,18,34,1,3,1,2,20,27
Zach Urdahl,Omaha,F,33,153,12,10,22,1,2,0,3,6,34
Garrett Pinoniemi,Omaha,F,29,47,1,2,3,0,0,0,0,8,10
Jacob Slipec,Omaha,F,33,47,1,3,4,0,0,0,0,24,5
Jacob Guevin,Omaha,D,36,155,7,13,20,2,1,0,0,10,41
Noah Ellis,Omaha,D,26,47,1,3,4,0,0,0,0,8,13
Griffin Ludtke,Omaha,D,36,94,2,11,13,0,1,0,0,21,26
Tyler Rollwagen,Omaha,F,36,79,3,12,15,3,0,0,0,26,10
Dylan Gratton,Omaha,D,35,91,2,12,14,0,1,0,0,6,30
Charlie Lurie,Omaha,F,20,82,4,6,10,3,0,0,0,28,13
Marcus Broberg,Omaha,D,27,52,1,8,9,0,0,0,0,22,14
Myles Hilman,Omaha,F,25,82,6,6,12,0,1,0,1,4,11
Kevin Reidler,Omaha,G,8,0,0,0,0,0,0,0,0,0,0
Brady Risk,Omaha,F,35,112,13,12,25,7,3,0,1,30,19
Simon Latkoczy,Omaha,G,31,0,0,0,0,0,0,0,0,0,0
Tanner Ludtke,Omaha,F,8,43,1,1,2,0,1,0,0,2,11
Joe Gramer,Omaha,D,32,31,0,4,4,0,0,0,0,4,7
Isaiah Norlin,Omaha,D,16,24,0,1,1,0,0,0,0,2,7
Chase LaPinta,Omaha,F,19,46,3,1,4,0,1,0,0,4,8
Alexi Van Houtte-Cachero,Omaha,F,4,5,0,0,0,0,0,0,0,4,0
Liam Watkins,Omaha,F,15,21,2,2,4,0,1,0,0,0,2
Will Craig,Omaha,G,1,0,0,0,0,0,0,0,0,0,0
Gavin Enright,St. Cloud State,G,10,0,0,0,0,0,0,0,0,0,0
Mason Salquist,St. Cloud State,F,36,88,3,4,7,0,2,0,0,16,17
Josh Luedtke,St. Cloud State,D,36,129,3,5,8,1,0,0,0,10,31
Nick Portz,St. Cloud State,F,33,58,4,1,5,0,0,0,0,12,10
Karl Falk,St. Cloud State,D,28,44,0,4,4,0,0,0,0,6,8
Ryan Rosborough,St. Cloud State,F,28,58,1,0,1,0,1,0,0,4,7
Josh Zinger,St. Cloud State,D,33,111,4,4,8,0,1,0,0,16,28
Adam Ingram,St. Cloud State,F,29,83,2,6,8,1,0,0,0,12,20
Grant Ahcan,St. Cloud State,F,36,77,5,6,11,0,1,2,1,16,17
Ethan AuCoin,St. Cloud State,F,23,45,3,2,5,0,0,0,0,6,7
Mason Reiners,St. Cloud State,D,36,80,0,3,3,0,0,0,0,4,20
Cooper Wylie,St. Cloud State,D,26,105,2,6,8,1,1,0,0,24,34
Daimon Gardner,St. Cloud State,F,32,75,5,9,14,0,1,0,0,14,11
Warren Clark,St. Cloud State,D,20,27,1,3,4,0,0,0,0,0,7
Jack Reimann,St. Cloud State,F,35,79,1,3,4,0,0,0,0,18,16
Tyson Gross,St. Cloud State,F,36,141,9,16,25,4,1,0,0,37,26
Barrett Hall,St. Cloud State,F,34,137,7,15,22,1,1,0,0,6,34
Verner Miettinen,St. Cloud State,F,36,98,8,13,21,2,1,0,0,10,23
Thor Byfuglien,St. Cloud State,D,24,23,1,2,3,0,1,0,0,4,8
Gavyn Thoreson,St. Cloud State,F,36,109,6,4,10,0,0,0,0,36,23
Kaleb Tiessen,St. Cloud State,D,11,13,0,0,0,0,0,0,0,2,3
Isak Posch,St. Cloud State,G,22,0,0,0,0,0,0,0,0,0,0
Colin Ralph,St. Cloud State,D,35,73,1,7,8,0,1,0,0,20,17
Austin Burnevik,St. Cloud State,F,35,224,13,15,28,6,2,0,0,8,66
James Gray,St. Cloud State,G,6,0,0,0,0,0,0,0,0,0,0
Jack Rogers,St. Cloud State,F,4,4,0,1,1,0,0,0,0,2,1
Robby Drazner,Western Michigan,D,36,61,5,9,14,0,0,0,0,4,21
Brian Kramer,Western Michigan,D,36,121,1,14,15,0,0,0,0,12,38
Cameron Rowe,Western Michigan,G,17,0,0,1,1,0,0,0,0,0,0
Cam Knuble,Western Michigan,F,35,45,5,9,14,0,0,0,0,4,7
Tim Washe,Western Michigan,F,36,132,14,18,32,2,7,0,1,16,12
Matteo Costantini,Western Michigan,F,34,110,8,14,22,5,1,0,1,18,18
Wyatt Schingoethe,Western Michigan,F,26,37,4,5,9,0,1,0,0,2,4
Liam Valente,Western Michigan,F,36,196,12,16,28,6,1,0,0,10,47
Tristan Lemyre,Western Michigan,F,36,84,6,8,14,0,2,0,1,16,8
Samuel Sjolund,Western Michigan,D,36,114,3,24,27,0,0,0,1,18,23
Grant Slukynsky,Western Michigan,F,36,151,8,25,33,1,1,0,0,2,30
Cole Crusberg-Roseen,Western Michigan,D,36,128,2,9,11,0,0,0,0,10,51
Alex Bump,Western Michigan,F,36,339,20,23,43,7,3,0,2,12,74
Owen Michaels,Western Michigan,F,36,141,14,15,29,2,1,1,1,4,23
Jack Mesic,Western Michigan,D,4,6,0,0,0,0,0,0,0,0,0
Zach Nehring,Western Michigan,F,36,101,13,14,27,2,2,0,0,29,18
Zack Sharp,Western Michigan,D,36,110,4,4,8,0,2,0,0,12,27
Ty Henricks,Western Michigan,F,35,81,7,5,12,0,0,0,0,6,21
Iiro Hakkarainen,Western Michigan,F,36,124,11,14,25,0,3,0,0,12,27
Joona VÃ¤isÃ¤nen,Western Michigan,D,36,86,4,18,22,0,2,0,0,10,26
Ethan Wolthers,Western Michigan,F,9,8,2,2,4,0,1,0,0,2,3
Garrett Szydlowski,Western Michigan,F,33,53,3,6,9,0,1,0,0,4,11
Hampton Slukynsky,Western Michigan,G,19,0,0,1,1,0,0,0,0,0,0
John Spetz,Connecticut,D,31,111,1,9,10,1,0,0,0,25,27
Hudson Schandor,Connecticut,F,35,105,10,30,40,3,2,1,1,12,14
Nick Carabin,Connecticut,D,35,83,3,3,6,0,0,0,0,16,16
Thomas Messineo,Connecticut,D,35,75,1,6,7,0,0,0,0,20,21
Jake Percival,Connecticut,F,35,115,9,8,17,1,1,2,0,12,13
Tabor Heaslip,Connecticut,F,35,106,5,10,15,0,1,2,2,20,15
Tristan Fraser,Connecticut,F,35,59,2,8,10,0,1,0,0,16,11
Ryan Tattle,Connecticut,F,35,169,17,13,30,3,4,3,3,20,29
Joey Muldowney,Connecticut,F,35,210,24,18,42,5,5,1,4,12,39
Jake Richard,Connecticut,F,30,123,15,23,38,7,3,0,0,12,17
Viking Gustafsson Nyberg,Connecticut,D,35,74,1,9,10,0,0,0,0,27,27
Kai Janviriya,Connecticut,D,35,75,0,14,14,0,0,0,0,6,22
Ethan Gardula,Connecticut,F,32,67,7,10,17,2,1,0,0,17,14
Kaden Shahan,Connecticut,F,35,162,9,4,13,1,0,0,0,4,33
Trey Scott,Connecticut,D,32,119,3,14,17,2,1,0,0,8,29
Mike Murtagh,Connecticut,F,25,43,0,1,1,0,0,0,0,4,2
Filip Sitar,Connecticut,F,27,38,1,2,3,0,1,0,0,2,4
Callum Tung,Connecticut,G,12,0,0,0,0,0,0,0,0,0,0
Ethan Whitcomb,Connecticut,F,35,76,6,5,11,2,1,0,0,45,13
Hugh Larkin,Connecticut,F,27,29,2,2,4,0,0,0,0,37,3
Thomas Heaney,Connecticut,G,3,0,0,0,0,0,0,0,0,0,0
Jack Pascucci,Connecticut,D,9,8,0,1,1,0,0,0,0,4,6
Tyler Muszelik,Connecticut,G,21,0,0,2,2,0,0,0,0,0,0
Owen Simpson,Connecticut,D,4,8,0,2,2,0,0,0,0,0,3
Huston Karpman,Connecticut,F,13,6,0,0,0,0,0,0,0,0,0
Carter Wilkie,North Dakota,F,37,163,9,9,18,1,2,0,2,42,30
Jake Schmaltz,North Dakota,F,37,90,6,10,16,2,1,0,0,26,16
Jackson Kunz,North Dakota,F,35,72,7,8,15,2,1,0,1,21,20
Dane Montgomery,North Dakota,F,25,57,1,6,7,0,0,0,0,8,16
TJ Semptimphelter,North Dakota,G,30,0,0,0,0,0,0,0,0,16,0
Ben Strinden,North Dakota,F,37,114,8,8,16,0,1,1,0,14,23
Owen McLaughlin,North Dakota,F,37,137,5,23,28,0,1,0,1,6,34
Dylan James,North Dakota,F,37,123,14,8,22,0,0,3,2,20,22
Caleb MacDonald,North Dakota,D,34,81,3,7,10,0,0,0,0,42,12
Jake Livanavage,North Dakota,D,37,122,4,24,28,1,1,0,0,12,28
Tanner Komzak,North Dakota,D,17,22,0,0,0,0,0,0,0,4,11
Jayden Perron,North Dakota,F,30,169,10,9,19,6,2,0,0,7,45
Abram Wiebe,North Dakota,D,37,143,4,20,24,3,0,0,0,22,41
Hobie Hedquist,North Dakota,G,10,0,0,0,0,0,0,0,0,0,0
Jayden Jubenvill,North Dakota,D,36,71,2,4,6,0,1,0,0,27,20
EJ Emery,North Dakota,D,30,91,0,1,1,0,0,0,0,40,31
Mac Swanson,North Dakota,F,37,59,2,16,18,1,0,0,0,2,19
Sacha Boisvert,North Dakota,F,36,176,16,14,30,4,5,0,0,20,48
Andrew Strathmann,North Dakota,D,29,58,2,2,4,0,1,0,0,24,17
Cody Croal,North Dakota,F,22,45,1,5,6,0,0,0,0,12,9
Cade Littler,North Dakota,F,32,46,7,2,9,0,1,0,0,21,8
Louis Jamernik V,North Dakota,F,29,54,4,6,10,1,2,0,0,29,14
Cameron Berg,North Dakota,F,25,124,12,9,21,7,2,0,0,16,21
Dalton Andrew,North Dakota,F,14,16,1,0,1,0,0,0,0,8,0
Bennett Zmolek,North Dakota,D,1,1,0,1,1,0,0,0,0,0,1
Blake Biondi,Notre Dame,F,38,179,12,15,27,7,1,0,0,14,30
Grant Silianoff,Notre Dame,F,38,76,5,3,8,0,1,1,1,18,8
Zach Plucinski,Notre Dame,D,34,63,0,3,3,0,0,0,0,18,21
Ian Murphy,Notre Dame,F,38,70,4,7,11,0,0,0,0,24,9
Justin  Janicke,Notre Dame,F,37,116,15,19,34,8,1,2,2,29,22
Hunter Strand,Notre Dame,F,38,118,8,8,16,2,1,0,1,20,22
Ryan Helliwell,Notre Dame,D,37,61,1,6,7,0,0,0,0,39,25
Tyler  Carpenter,Notre Dame,F,38,42,1,1,2,0,1,0,0,0,9
Owen Say,Notre Dame,G,27,0,0,0,0,0,0,0,0,0,0
Axel Kumlin,Notre Dame,D,38,155,6,15,21,1,0,0,0,12,48
Danny Nelson,Notre Dame,F,36,203,13,13,26,4,1,0,1,35,31
Henry Nelson,Notre Dame,D,30,104,3,5,8,0,1,0,0,32,27
Brennan Ali,Notre Dame,F,38,103,7,12,19,1,1,0,0,18,21
Maddox Fleming,Notre Dame,F,21,36,0,3,3,0,0,0,0,10,9
Jayden Davis,Notre Dame,F,22,16,1,2,3,0,0,0,0,8,6
Paul Fischer,Notre Dame,D,36,127,2,19,21,0,0,0,0,16,46
Cole Knuble,Notre Dame,F,34,190,12,27,39,2,3,0,1,12,41
Carter Slaggert,Notre Dame,F,38,55,4,6,10,0,0,0,0,16,8
Jimmy Jurcev,Notre Dame,D,31,55,1,3,4,0,0,0,0,10,19
Jaedon Kerr,Notre Dame,D,19,25,1,3,4,0,0,0,0,6,7
Nicholas Kempf,Notre Dame,G,13,0,0,0,0,0,0,0,0,0,0
Michael Mastrodomenico,Notre Dame,D,30,121,4,11,15,0,1,0,0,18,34
Jack Larrigan,Notre Dame,F,28,28,1,5,6,0,0,0,0,4,4
Hunter Weiss,Notre Dame,D,2,0,0,0,0,0,0,0,0,0,0
Michael Schermerhorn,Notre Dame,F,1,2,0,0,0,0,0,0,0,0,0
Niko Jovanovic,Notre Dame,F,12,19,1,0,1,0,0,0,0,0,2
Connor Gregga,LIU,F,33,99,4,8,12,1,0,0,0,38,18
Chris Pappas,LIU,F,21,67,4,13,17,2,1,0,0,8,15
Isaiah Fox,LIU,F,31,130,9,7,16,1,3,0,0,54,32
John Gormley,LIU,D,34,77,2,0,2,0,0,0,1,26,21
Valtteri Piironen,LIU,D,34,69,1,11,12,0,0,0,0,8,19
Josh Zary,LIU,F,29,112,12,7,19,7,1,0,0,14,7
Cade Mason,LIU,D,29,143,1,13,14,0,0,0,0,6,46
Austin Brimmer,LIU,F,31,88,9,12,21,4,3,0,0,15,11
Carter Rapalje,LIU,F,34,192,17,13,30,8,4,2,3,2,29
Andrius Kulbis-Marino,LIU,D,34,86,3,7,10,0,1,0,1,9,30
Heath Armstrong,LIU,F,14,13,0,3,3,0,0,0,0,2,0
Noah Rupprecht,LIU,G,18,0,0,1,1,0,0,0,0,0,0
Onni LeppÃ¤nen,LIU,F,20,66,7,10,17,3,2,0,0,2,16
Luca Leighton,LIU,F,23,57,1,7,8,0,0,0,0,22,7
Trent Powell,LIU,D,34,94,2,11,13,1,1,0,0,8,26
Isaac Lambert,LIU,F,31,107,7,10,17,2,0,0,1,15,29
Nick Bernardo,LIU,D,25,64,2,6,8,0,0,0,0,10,24
JR Perdion,LIU,F,31,77,4,14,18,1,0,0,0,10,17
Brennan Nelson,LIU,F,16,28,1,3,4,0,0,0,0,26,3
Daniel Baldassarra,LIU,F,15,27,3,5,8,1,0,0,0,2,0
Garrett Valk,LIU,D,19,27,0,1,1,0,0,0,0,2,8
Anthony Lucarelli,LIU,F,29,68,7,8,15,0,1,0,1,8,6
Sixen JennersjÃ¶,LIU,F,16,43,4,3,7,0,1,0,0,4,11
Nicholas Trela,LIU,F,21,39,1,5,6,0,0,0,0,23,9
Ty Outen,LIU,G,14,0,0,2,2,0,0,0,0,2,0
AJ Casperson,LIU,D,3,7,0,3,3,0,0,0,0,0,0
Riley Wallack,LIU,F,14,49,6,5,11,2,1,1,0,8,6
Chad Muller,LIU,F,12,28,4,1,5,0,1,0,0,14,3
Michael Polston,LIU,G,2,0,0,0,0,0,0,0,0,0,0
Joshua Wildauer,Lake Superior,F,5,5,0,0,0,0,0,0,0,2,0
Dawson Tritt,Lake Superior,F,33,88,7,10,17,2,0,0,0,33,15
Timo Bakos,Lake Superior,F,34,90,10,12,22,3,3,0,0,6,21
Nate Schweitzer,Lake Superior,D,34,107,3,15,18,1,0,0,0,42,34
Grant Hindman,Lake Superior,D,36,83,3,3,6,0,1,0,0,30,29
Sasha Teleguine,Lake Superior,F,32,119,14,5,19,4,2,2,1,34,21
Connor Milburn,Lake Superior,F,28,104,9,14,23,3,0,0,2,14,32
Bryan Huggins,Lake Superior,D,32,51,1,4,5,0,0,0,0,12,17
Jordan Venegoni,Lake Superior,F,28,32,0,9,9,0,0,0,0,6,4
Johnny Druskinis,Lake Superior,D,36,117,4,7,11,4,1,0,0,30,32
Blake Humphrey,Lake Superior,F,30,75,2,6,8,0,0,0,0,2,17
Jacob Conrad,Lake Superior,D,27,76,6,4,10,3,0,0,0,4,13
Evan Bushy,Lake Superior,D,33,75,0,14,14,0,0,0,0,8,21
Branden Piku,Lake Superior,F,34,109,9,7,16,1,2,0,0,24,18
Reagan Milburn,Lake Superior,F,24,78,7,5,12,2,0,0,0,18,16
Carter Batchelder,Lake Superior,F,26,77,3,4,7,0,2,0,0,10,22
John Herrington,Lake Superior,F,36,173,4,14,18,3,0,0,0,18,43
Rorke Applebee,Lake Superior,G,31,0,0,0,0,0,0,0,0,2,0
Adam Barone,Lake Superior,D,16,32,0,1,1,0,0,0,0,4,8
William Ahlrik,Lake Superior,F,35,58,6,6,12,0,1,0,0,24,4
Mike Brown,Lake Superior,D,30,69,0,2,2,0,0,0,0,47,23
Easton Hesse,Lake Superior,G,6,0,0,1,1,0,0,0,0,0,0
Luke Levandowski,Lake Superior,F,32,79,5,9,14,1,0,0,0,4,16
Wilson Dahlheimer,Lake Superior,F,19,28,0,3,3,0,0,0,0,2,2
Jack Blanchett,Lake Superior,D,6,13,0,0,0,0,0,0,0,6,3
Everett Pietila,Lake Superior,F,25,44,0,5,5,0,0,0,0,10,7
Hadley Hudak,Lake Superior,F,7,8,0,0,0,0,0,0,0,4,0
Ethan Scardina,Bowling Green,F,35,135,7,9,16,1,0,0,1,31,22
Seth Fyten,Bowling Green,F,29,52,1,4,5,0,0,0,0,22,6
Tommy Pasanen,Bowling Green,D,35,115,2,3,5,0,1,0,0,37,30
Ville Immonen,Bowling Green,F,36,97,6,10,16,0,0,0,0,4,13
Ben Wozney,Bowling Green,D,36,101,1,5,6,0,0,0,0,19,39
Eric Parker,Bowling Green,D,36,104,1,9,10,0,0,0,0,6,27
Jackson Niedermayer,Bowling Green,F,33,86,2,6,8,0,2,0,0,12,10
Ryan O'Hara,Bowling Green,F,36,231,11,22,33,3,5,0,1,16,41
Brett Pfoh,Bowling Green,F,32,123,5,13,18,0,1,0,0,16,23
Jaden Grant,Bowling Green,F,34,80,5,8,13,1,0,0,0,20,8
Dalton Norris,Bowling Green,D,36,136,2,15,17,2,0,0,0,17,48
Quinn Emerson,Bowling Green,F,35,94,6,8,14,0,2,0,1,10,9
Gustav Stjernberg,Bowling Green,D,30,186,4,12,16,2,1,0,0,35,35
Ben Doran,Bowling Green,F,36,136,10,12,22,3,2,0,1,43,21
Brody Waters,Bowling Green,F,36,140,16,6,22,10,3,0,0,20,7
Matvei Kabanov,Bowling Green,F,13,16,2,4,6,0,0,0,0,2,2
Breck  McKinley,Bowling Green,D,35,97,1,6,7,1,0,0,0,14,24
Cole Moore,Bowling Green,G,20,0,0,0,0,0,0,0,0,0,0
Adam Zlnka,Bowling Green,F,21,43,1,3,4,0,0,0,0,12,3
Maxwell Martin,Bowling Green,F,32,116,6,3,9,1,1,0,0,10,19
Owen Ozar,Bowling Green,F,14,24,1,0,1,0,0,0,0,2,3
Johannes LÃ¸kkeberg,Bowling Green,F,9,9,0,0,0,0,0,0,0,4,3
Christian Stoever,Bowling Green,G,18,0,0,0,0,0,0,0,0,0,0
Brandon Santa Juana,Bowling Green,F,10,13,0,0,0,0,0,0,0,2,1
Ivan Korodiuk,Bowling Green,D,15,28,0,1,1,0,0,0,0,4,5
Brayden Krieger,Bowling Green,F,2,0,0,0,0,0,0,0,0,0,0
Jack Blake,Bowling Green,D,10,4,0,0,0,0,0,0,0,2,2
Adam Schankula,Bowling Green,F,1,2,0,0,0,0,0,0,0,0,0
Austin Jouppi,Bemidji State,F,33,63,2,5,7,0,0,0,0,12,11
Eric Martin,Bemidji State,F,37,178,10,13,23,3,1,0,0,8,42
Jackson Jutting,Bemidji State,F,38,174,14,8,22,7,3,0,0,4,29
Tony Follmer,Bemidji State,D,38,65,2,5,7,0,0,0,0,16,21
Donte Lawson,Bemidji State,F,36,88,3,4,7,0,0,0,1,2,16
Jere Vaisanen,Bemidji State,F,38,104,7,12,19,1,0,0,0,16,21
Mattias Sholl,Bemidji State,G,37,0,0,1,1,0,0,0,0,0,0
Will Magnuson,Bemidji State,D,35,61,1,4,5,0,0,0,0,21,20
Reilly Funk,Bemidji State,F,36,115,7,16,23,2,1,0,0,21,11
A.J. Macaulay,Bemidji State,D,28,51,0,2,2,0,0,0,0,4,21
Mitch Wolfe,Bemidji State,D,38,143,2,6,8,0,0,0,0,12,50
Adam Flammang,Bemidji State,F,38,167,5,13,18,0,3,0,0,27,32
Kirklan Irey,Bemidji State,F,38,132,11,13,24,1,3,2,0,14,34
Vince Corcoran,Bemidji State,D,30,75,1,8,9,0,1,0,0,8,23
Patrik Satosaari,Bemidji State,D,30,56,3,7,10,0,0,0,0,4,20
Rhys Chiddenton,Bemidji State,F,17,47,0,4,4,0,0,0,0,4,4
Jake McLean,Bemidji State,F,33,53,2,5,7,0,0,0,0,2,12
Kasper Magnussen,Bemidji State,F,37,127,7,9,16,6,1,0,0,44,23
Isa Parekh,Bemidji State,D,35,92,3,15,18,2,1,0,0,18,29
Jaksen Panzer,Bemidji State,F,26,72,2,3,5,0,0,0,0,2,14
Raythan Robbins,Bemidji State,G,3,0,0,0,0,0,0,0,0,0,0
Noah Quinn,Bemidji State,F,21,58,6,2,8,3,0,0,0,12,9
Tory Lund,Bemidji State,F,8,9,0,3,3,0,0,0,0,0,4
Ryan Henderson,Bemidji State,D,7,6,0,0,0,0,0,0,0,2,1
Carter Randklev,Bemidji State,F,18,41,4,2,6,0,1,0,0,6,5
Luke Roelofs,Bemidji State,D,17,34,0,1,1,0,0,0,0,6,7
Alexi Sylvestre,Bemidji State,F,9,23,1,0,1,0,0,0,0,0,4
Noah West,Ferris State,G,35,0,0,1,1,0,0,0,0,0,0
Jacob Dirks,Ferris State,F,23,41,1,0,1,0,0,0,0,2,12
Kaleb Ergang,Ferris State,F,35,110,6,15,21,1,1,0,0,6,20
Zach Faremouth,Ferris State,F,33,96,8,5,13,3,2,0,0,17,12
Nico DeVita,Ferris State,D,36,89,1,3,4,0,0,1,0,21,31
Travis Shoudy,Ferris State,D,36,169,6,12,18,0,1,0,1,8,43
Tyler Schleppe,Ferris State,F,29,117,9,9,18,2,2,0,0,8,21
Xavier Jean-Louis,Ferris State,D,29,58,2,4,6,0,0,1,0,14,11
Max Itagaki,Ferris State,F,26,42,2,6,8,0,0,0,0,14,6
Caiden Gault,Ferris State,F,36,170,15,10,25,4,5,0,0,10,39
Jacob Badal,Ferris State,F,25,76,4,6,10,1,0,0,0,6,5
Andrew Noel,Ferris State,D,30,63,1,2,3,0,0,0,0,22,20
Cole Burtch,Ferris State,F,35,111,7,19,26,0,1,1,0,34,22
Connor McGrath,Ferris State,F,26,62,0,8,8,0,0,0,0,8,8
Gavin Best,Ferris State,F,36,119,10,9,19,0,0,0,1,4,21
Emerson Goode,Ferris State,F,12,31,0,0,0,0,0,0,0,6,5
Trevor Taulien,Ferris State,D,36,129,3,9,12,0,0,0,0,33,33
Christopher LieÂ ,Ferris State,D,20,27,1,3,4,1,0,0,0,6,10
Kade TurnerÂ ,Ferris State,D,25,21,1,1,2,0,0,0,0,4,8
Nick Nardecchia,Ferris State,F,33,84,2,6,8,0,0,0,0,14,17
Matt CorbetÂ ,Ferris State,F,20,67,2,3,5,1,0,0,0,12,10
Logan HerouxÂ ,Ferris State,D,32,94,3,11,14,3,0,0,0,28,20
Jack SilichÂ ,Ferris State,F,20,72,3,3,6,1,0,0,0,6,13
Luke LiskoÂ ,Ferris State,F,3,5,0,0,0,0,0,0,0,2,2
Conner BrownÂ ,Ferris State,D,15,24,0,2,2,0,0,0,0,4,2
Connor McDonoughÂ ,Ferris State,G,1,0,0,0,0,0,0,0,0,0,0
Josh Groll,Minnesota State,F,36,180,13,18,31,0,2,1,1,31,49
Kaden Bohlsen,Minnesota State,F,26,107,10,5,15,1,0,0,1,31,28
Jordan Power,Minnesota State,D,34,77,2,5,7,0,0,0,0,29,20
Brian Carrabes,Minnesota State,F,37,172,10,10,20,1,2,0,1,8,35
Brenden Olson,Minnesota State,F,34,49,1,3,4,0,0,0,0,8,8
Zach Krajnik,Minnesota State,F,37,96,6,5,11,0,2,1,1,6,16
Rhett Pitlick,Minnesota State,F,37,202,13,25,38,3,5,0,1,14,55
Steven Bellini,Minnesota State,D,31,43,1,5,6,1,0,0,0,4,11
Will Hillman,Minnesota State,F,37,114,3,7,10,0,1,0,0,21,33
Campbell Cichosz,Minnesota State,D,33,94,1,7,8,0,0,0,0,8,30
Adam Eisele,Minnesota State,F,35,181,13,13,26,4,6,0,0,47,44
Alex Tracy,Minnesota State,G,36,0,0,0,0,0,0,0,0,0,0
Mason Wheeler,Minnesota State,D,37,68,0,6,6,0,0,0,0,13,18
Luc Wilson,Minnesota State,F,30,115,7,6,13,0,1,0,1,24,37
Fin Williams,Minnesota State,F,19,22,1,1,2,0,1,0,0,2,7
Evan Murr,Minnesota State,D,37,161,6,20,26,4,2,0,0,8,48
Jakob Stender,Minnesota State,D,35,69,3,2,5,0,0,0,1,13,9
Luigi Benincasa,Minnesota State,F,37,100,5,17,22,2,1,0,0,8,25
Brett Moravec,Minnesota State,F,35,75,5,2,7,1,1,0,1,16,13
Luke Ashton,Minnesota State,D,36,143,5,7,12,3,0,0,0,6,50
Ralfs Bergmanis,Minnesota State,D,34,54,3,8,11,0,2,0,0,29,15
Kade Nielsen,Minnesota State,F,4,2,0,0,0,0,0,0,0,0,0
Jacob Bonkowski,Minnesota State,F,7,6,0,0,0,0,0,0,0,0,2
Cade Alami,Minnesota State,D,6,11,0,0,0,0,0,0,0,4,6
Tyler Haskins,Minnesota State,F,6,4,0,0,0,0,0,0,0,0,1
Matthew Syverson,Minnesota State,G,1,0,0,0,0,0,0,0,0,0,0
Eli Pulver,Minnesota State,G,2,0,0,1,1,0,0,0,0,0,0
Blais Richartz,Michigan Tech,F,18,23,1,1,2,0,0,0,0,0,4
Marcus Pedersen,Michigan Tech,F,29,55,4,4,8,2,0,0,0,8,9
Alex Nordstrom,Michigan Tech,F,29,84,7,2,9,1,0,1,0,16,8
Matthew Campbell,Michigan Tech,D,34,123,6,6,12,3,0,0,0,26,29
Viktor Hurtig,Michigan Tech,D,34,68,1,4,5,0,0,0,0,10,21
Trevor Kukkonen,Michigan Tech,F,34,91,3,7,10,0,0,0,1,6,20
Stiven Sardarian,Michigan Tech,F,35,173,11,24,35,2,3,0,0,51,41
Kasper Vaharautio,Michigan Tech,D,36,41,0,4,4,0,0,0,0,2,16
Owen Baker,Michigan Tech,F,33,73,3,2,5,0,1,0,0,2,16
Lauri Raiman,Michigan Tech,F,34,83,1,4,5,0,0,0,0,4,19
Max Koskipirtti,Michigan Tech,F,36,106,7,20,27,2,1,1,1,0,17
Isaac Gordon,Michigan Tech,F,36,200,7,19,26,2,2,0,0,8,32
Chase Pietila,Michigan Tech,D,36,155,7,15,22,3,1,0,0,52,48
Nick Williams,Michigan Tech,D,34,79,0,8,8,0,0,0,0,10,24
Henry Bartle,Michigan Tech,F,21,20,1,2,3,0,0,0,0,8,4
Rylan Brown,Michigan Tech,D,36,117,3,15,18,2,1,0,0,14,40
Logan Morrell,Michigan Tech,F,32,110,11,10,21,4,4,0,0,29,13
Elias Jansson,Michigan Tech,F,36,135,12,11,23,6,2,0,2,4,17
Philip Fankl,Michigan Tech,F,22,34,1,0,1,0,0,0,0,0,8
Ryan Manzella,Michigan Tech,G,15,0,0,0,0,0,0,0,0,0,0
Derek Mullahy,Michigan Tech,G,21,0,0,0,0,0,0,0,0,0,0
Jack Works,Michigan Tech,F,31,123,5,10,15,1,0,0,0,20,21
Ryder Matter,Michigan Tech,F,19,37,2,1,3,0,0,0,0,4,10
Quinn Disher,Michigan Tech,F,1,0,0,0,0,0,0,0,0,0,0
Tom Leppa,Michigan Tech,F,16,30,2,3,5,0,1,0,0,6,5
Max Vayrynen,Michigan Tech,G,4,0,0,0,0,0,0,0,0,0,0
Jesse Tucker,Northern Michigan,F,34,81,3,5,8,1,0,0,0,26,14
Jakob Peterson,Northern Michigan,D,29,67,2,4,6,0,0,0,0,12,25
Zach Michaelis,Northern Michigan,F,27,50,1,2,3,0,0,0,0,0,10
Ryan Ouellette,Northern Michigan,G,32,1,0,1,1,0,0,0,0,0,0
Tanner Latsch,Northern Michigan,F,22,106,5,2,7,1,0,0,0,6,26
Nick Ardanaz,Northern Michigan,D,26,63,0,3,3,0,0,0,0,6,17
Danny Ciccarello,Northern Michigan,F,33,60,1,4,5,0,0,0,0,12,12
Matthew Romer,Northern Michigan,F,22,49,5,3,8,1,0,0,1,4,5
Brendan Poshak,Northern Michigan,F,23,47,1,1,2,0,0,0,0,4,13
Tynan Ewart,Northern Michigan,D,34,83,1,10,11,0,0,0,0,4,27
Wolfgang Govedaris,Northern Michigan,D,30,83,0,0,0,0,0,0,0,20,24
Grayden Daul,Northern Michigan,D,28,32,0,1,1,0,0,0,0,16,10
Rasmus Larsson,Northern Michigan,D,28,68,3,0,3,0,0,0,0,14,17
Billy Renfrew,Northern Michigan,F,31,31,1,2,3,0,0,0,0,2,6
Jakub Altrichter,Northern Michigan,F,32,133,3,16,19,0,1,0,0,4,26
Grayden Slipec,Northern Michigan,F,32,144,10,9,19,6,2,0,0,14,28
Ryan Duguay,Northern Michigan,F,24,47,6,2,8,3,1,0,0,4,13
Anthony Cliche,Northern Michigan,D,34,82,4,5,9,0,0,0,0,14,24
Colby Browne,Northern Michigan,F,19,36,0,1,1,0,0,0,0,6,6
Aidyn Hutchinson,Northern Michigan,F,29,64,4,6,10,0,0,0,0,16,9
Trevor Mitchell,Northern Michigan,D,14,25,0,1,1,0,0,0,0,6,12
Medrick Bolduc,Northern Michigan,F,26,49,2,3,5,0,1,0,0,34,13
Will Diamond,Northern Michigan,D,20,24,1,0,1,0,0,0,0,21,7
Ethan Barwick,Northern Michigan,G,6,0,0,0,0,0,0,0,0,0,0
Joe Schiller,Northern Michigan,D,10,20,0,3,3,0,0,0,0,4,1
Matt Argentina,Northern Michigan,F,16,37,2,2,4,1,0,0,0,10,9
Julian Molinaro,Northern Michigan,G,1,0,0,0,0,0,0,0,0,0,0
Matt Koethe,Alaska,F,32,117,5,8,13,1,1,0,0,14,19
Luke LaMaster,Alaska,D,27,48,0,6,6,0,0,0,0,10,15
Matt Rickard,Alaska,D,25,63,4,2,6,0,0,0,1,18,17
Matt Hubbarde,Alaska,F,30,108,13,10,23,1,1,0,1,25,24
Kyle Gaffney,Alaska,F,32,101,6,14,20,3,0,0,1,6,24
Lassi Lehti,Alaska,G,13,0,0,0,0,0,0,0,0,0,0
Chase Dafoe,Alaska,F,32,90,11,6,17,5,1,1,0,39,13
Braden Birnie,Alaska,F,32,91,4,3,7,1,0,0,0,12,20
Cade Ahrenholz,Alaska,F,23,37,3,1,4,0,2,0,0,41,4
Luke  Johnson,Alaska,F,15,38,2,2,4,0,0,0,0,4,11
Broten Sabo,Alaska,D,32,126,8,13,21,2,4,0,0,31,32
William Lawson-Body,Alaska,F,31,72,2,3,5,1,0,0,0,2,8
Adam Cardona,Alaska,D,31,74,0,5,5,0,0,0,0,32,23
Carson Reed,Alaska,D,30,68,1,1,2,0,1,0,0,10,14
Haden Kruse,Alaska,F,15,52,3,3,6,0,0,0,0,2,7
Fyodor Nikolayenya,Alaska,F,27,39,1,2,3,0,0,0,0,20,3
Brendan Ross,Alaska,F,31,91,3,11,14,0,0,0,0,10,17
Caelum Dick,Alaska,D,25,52,1,7,8,0,1,0,0,10,20
Peyton Platter,Alaska,F,32,93,2,11,13,0,0,1,1,24,15
Nathan Rickey,Alaska,D,24,63,1,3,4,0,1,0,0,6,23
Anton Rubtsov,Alaska,F,13,47,3,1,4,0,0,0,0,8,12
Brayden Nicholetts,Alaska,F,16,20,0,0,0,0,0,0,0,11,4
Nicholas Grabko,Alaska,G,20,0,0,0,0,0,0,0,0,4,0
Will Hilfiker,Alaska,D,11,13,0,0,0,0,0,0,0,15,9
Noah Barlage,Alaska,D,14,12,0,2,2,0,0,0,0,2,5
Dean Spak,Alaska,F,3,1,0,0,0,0,0,0,0,0,0
Cole Plowman,Alaska,G,1,0,0,0,0,0,0,0,0,0,0
Trenton Penner,Alaska,F,10,10,0,1,1,0,0,0,0,4,3
Matteo Pecchia,Alaska,F,6,7,0,0,0,0,0,0,0,6,2
Ethan Gauer,St. Thomas,D,37,40,2,9,11,0,0,0,1,26,9
Chase Foley,St. Thomas,D,36,136,3,19,22,1,1,0,0,16,38
Ray Christy,St. Thomas,F,21,17,0,0,0,0,0,0,0,8,6
Matthew Gleason,St. Thomas,F,34,106,10,11,21,4,2,1,1,43,18
Jake Sibell,St. Thomas,G,19,1,0,0,0,0,0,0,0,0,0
Liam Malmquist,St. Thomas,F,37,213,19,25,44,5,3,4,2,8,41
Grant Docter,St. Thomas,D,24,34,2,1,3,0,1,0,0,4,13
Ryan O'Neill,St. Thomas,F,37,118,6,14,20,3,0,0,0,20,23
Lucas Wahlin,St. Thomas,F,37,210,17,23,40,3,4,2,1,50,17
Jake Braccini,St. Thomas,F,36,148,9,10,19,2,1,0,0,16,36
Luc Laylin,St. Thomas,F,37,77,4,6,10,1,2,1,0,18,11
Quinton Pepper,St. Thomas,F,32,46,1,1,2,0,1,0,0,4,5
Aaron Trotter,St. Thomas,G,20,0,0,1,1,0,0,0,0,0,0
Caige Sterzer,St. Thomas,F,37,68,6,8,14,0,0,0,0,33,9
Cooper Gay,St. Thomas,F,34,231,19,11,30,7,1,1,2,14,37
Tobias Abrahamsson,St. Thomas,D,18,11,0,0,0,0,0,0,0,17,4
Cole Miller,St. Thomas,D,30,52,1,2,3,0,0,0,1,10,14
Mason Poolman,St. Thomas,D,37,76,4,7,11,0,1,0,0,13,20
Chase Cheslock,St. Thomas,D,37,112,1,13,14,0,0,0,0,22,28
Ethan Elias,St. Thomas,D,27,34,0,5,5,0,0,0,0,2,7
Casy Laylin,St. Thomas,F,37,100,4,7,11,0,2,0,0,8,23
Carson Peters,St. Thomas,D,21,29,0,2,2,0,0,0,0,6,10
Jake Ratzlaff,St. Thomas,D,9,6,0,0,0,0,0,0,0,11,1
Ryder Donovan,St. Thomas,F,23,41,0,2,2,0,0,0,0,24,13
J.D. Metz,St. Thomas,F,7,8,0,1,1,0,0,0,0,2,0
Nick Mikan,St. Thomas,F,5,3,0,0,0,0,0,0,0,2,0
Alexander Tell,St. Thomas,F,10,14,1,2,3,0,0,0,0,4,0
Connor Marritt,Alaska Anchorage,F,28,41,2,2,4,0,1,0,0,4,4
Jarred White,Alaska Anchorage,F,32,68,3,5,8,0,0,0,0,17,16
Porter Schachle ,Alaska Anchorage,F,21,71,4,1,5,0,0,1,1,20,13
Will Schimek,Alaska Anchorage,D,32,65,1,2,3,0,0,0,0,27,17
Davis Goukler,Alaska Anchorage,D,22,38,1,2,3,0,0,0,0,4,10
Conor Cole,Alaska Anchorage,F,28,70,4,13,17,3,0,0,0,12,19
Maximilion Helgeson,Alaska Anchorage,F,34,115,8,11,19,1,1,0,0,16,17
Dylan Finlay,Alaska Anchorage,D,28,67,4,6,10,2,1,0,0,8,28
Gunnar VanDamme,Alaska Anchorage,D,34,65,2,4,6,0,1,0,0,12,20
Ben Anderson,Alaska Anchorage,F,21,24,1,2,3,0,0,0,1,41,3
Aiden Westin,Alaska Anchorage,F,27,45,2,3,5,2,0,0,0,6,6
Greg Orosz,Alaska Anchorage,G,20,0,0,0,0,0,0,0,0,0,0
Karter McNarland,Alaska Anchorage,F,22,30,2,4,6,0,0,0,0,4,5
Ethan Warrener,Alaska Anchorage,D,17,26,1,1,2,0,0,0,0,6,7
Pavol Funtek,Alaska Anchorage,D,17,10,1,1,2,0,0,0,0,6,3
Dylan Contreras,Alaska Anchorage,F,29,48,8,4,12,0,1,0,3,6,8
Nolan Gagnon,Alaska Anchorage,D,20,48,0,2,2,0,0,0,0,4,17
Adam Parsons,Alaska Anchorage,F,21,44,1,2,3,0,0,0,0,2,8
Dimitry Kebreau,Alaska Anchorage,F,31,95,8,15,23,2,1,0,0,15,13
Tyler Krivtsov,Alaska Anchorage,G,18,0,0,0,0,0,0,0,0,0,0
Bryant Marks,Alaska Anchorage,G,3,0,0,0,0,0,0,0,0,0,0
Ryan Johnson,Alaska Anchorage,F,33,199,11,14,25,7,0,0,1,6,44
Tanner Edwards,Alaska Anchorage,F,31,34,3,5,8,0,0,0,0,58,8
Brandon Lajoie,Alaska Anchorage,F,11,16,1,1,2,0,0,0,0,0,4
Logan Acheson,Alaska Anchorage,D,25,54,1,4,5,0,0,0,0,4,22
Joey Potter,Alaska Anchorage,D,18,67,2,3,5,0,0,0,0,12,16
JP Steele,Alaska Anchorage,D,17,20,0,2,2,0,0,0,0,12,5
Matt Johnson,Alaska Anchorage,F,25,57,4,5,9,0,0,0,0,10,15
Alex Gomez,Alaska Anchorage,F,16,17,0,5,5,0,0,0,0,2,5
Kristof Papp,Lindenwood,F,29,100,4,7,11,2,2,0,0,2,23
Artyom Borshyov,Lindenwood,D,32,75,2,2,4,0,0,0,0,14,21
Alexander Lundman,Lindenwood,F,17,35,2,1,3,0,1,0,0,6,6
Aiden Yakimchuk,Lindenwood,D,32,74,0,1,1,0,0,0,0,4,29
Drew Kuzma,Lindenwood,F,32,55,2,4,6,0,0,0,0,19,6
Mitch Allard,Lindenwood,F,32,58,1,4,5,0,0,0,1,33,12
David Gagnon,Lindenwood,F,32,150,11,17,28,3,1,2,1,23,29
Jack Anderson,Lindenwood,D,32,106,1,9,10,1,0,0,0,14,33
Joe Prouty,Lindenwood,D,32,91,1,3,4,0,0,0,0,24,28
Owen Bartoszkiewicz,Lindenwood,G,29,0,0,0,0,0,0,0,0,4,0
John Evans,Lindenwood,F,28,68,4,8,12,0,1,0,0,6,17
Jaeden Mercier,Lindenwood,F,29,83,8,3,11,3,0,0,0,4,17
Ethan Zielke,Lindenwood,F,30,71,4,3,7,0,0,0,0,12,13
Jake Southgate,Lindenwood,F,29,100,5,7,12,0,0,0,0,10,18
Noah Houle,Lindenwood,D,32,138,4,12,16,0,0,0,0,26,54
Brady Yakesh,Lindenwood,D,26,56,0,5,5,0,0,0,0,16,30
Ty Hipkin,Lindenwood,F,28,79,4,3,7,1,1,0,0,14,11
Jacob Vockler,Lindenwood,F,19,32,0,1,1,0,0,0,0,4,7
Tyler Loughman,Lindenwood,F,27,44,4,6,10,0,1,0,0,4,5
Brody Mortensen,Lindenwood,D,24,43,3,2,5,0,0,0,0,10,12
Coltan Wilkie,Lindenwood,D,6,10,0,1,1,0,0,0,0,0,1
Patrick Schmiedlin,Lindenwood,F,14,34,5,4,9,1,1,0,0,4,6
Ryan Forberg,Lindenwood,F,9,11,0,2,2,0,0,0,0,2,1
Shawn Ramsey,Lindenwood,D,18,33,0,0,0,0,0,0,0,10,13
Henry Graham,Lindenwood,G,2,0,0,0,0,0,0,0,0,0,0
Thomas Jarman,Lindenwood,D,7,5,0,2,2,0,0,0,0,2,3
Henri Schreifels,Stonehill,F,32,122,5,11,16,2,1,1,0,25,31
Devlin O'Brien,Stonehill,F,32,80,2,3,5,0,1,0,0,37,22
Jake Cady,Stonehill,F,19,32,0,3,3,0,0,0,0,23,6
Kyle Heath,Stonehill,F,21,20,2,4,6,0,0,0,0,2,4
Teddy Lagerback,Stonehill,F,18,79,5,4,9,0,1,0,0,4,7
Evan Orr,Stonehill,D,33,142,8,6,14,4,5,0,0,18,44
Dean Schwenninger,Stonehill,F,16,23,0,2,2,0,0,0,0,10,2
Frank Ireland,Stonehill,F,33,102,6,4,10,1,0,0,0,26,18
Brady Hunter,Stonehill,F,26,52,3,5,8,2,0,0,0,8,15
Cameron GaudetteÂ ,Stonehill,D,32,55,1,3,4,0,0,0,0,21,20
Devon Carlstrom,Stonehill,D,16,28,0,0,0,0,0,0,0,2,13
Conor Ronayne,Stonehill,F,8,9,1,0,1,0,0,0,0,0,3
Anthony Galante,Stonehill,F,30,135,12,9,21,4,2,0,2,37,30
Dominick Campione,Stonehill,D,30,79,3,10,13,1,0,0,0,30,26
Justin Gibson,Stonehill,D,31,68,1,5,6,0,0,0,0,0,20
JJ Grainda,Stonehill,F,28,62,3,6,9,0,0,0,0,15,6
Leo Chambers,Stonehill,F,32,54,2,4,6,0,0,0,0,10,10
Joel Lehtinen,Stonehill,F,26,44,2,4,6,1,0,0,0,12,7
Linards Lipskis,Stonehill,G,7,0,0,0,0,0,0,0,0,0,0
Connor Androlewicz,Stonehill,G,28,1,0,0,0,0,0,0,0,0,0
Cam Mannion,Stonehill,D,18,17,0,1,1,0,0,0,0,2,5
Charlie Banquier,Stonehill,D,30,79,1,5,6,0,0,0,1,26,27
Hunter Hastings,Stonehill,F,16,21,1,1,2,0,0,0,0,4,4
Cole Melady,Stonehill,F,28,41,1,3,4,0,0,0,0,14,9
Zach Aben,Stonehill,F,29,81,4,4,8,0,0,1,1,10,10
Zach Nicolas,Stonehill,F,19,21,2,5,7,0,1,0,0,2,3
Ryan Davies,Stonehill,D,6,6,0,0,0,0,0,0,0,2,4
Justin Barker,Stonehill,F,2,2,0,0,0,0,0,0,0,2,0
Riley Rosenthal,Stonehill,D,3,5,0,0,0,0,0,0,0,0,4
Gavin Gulash,Robert Morris,F,33,79,5,2,7,0,0,1,2,33,17
Mitch Deelstra,Robert Morris,F,35,135,12,5,17,9,2,0,0,34,22
Cody Monds,Robert Morris,F,33,57,3,5,8,0,0,0,0,2,10
Trevor Ledonne,Robert Morris,D,23,44,3,2,5,0,0,0,0,22,15
Michael Craig,Robert Morris,D,34,106,5,19,24,1,0,0,1,6,30
Gabriel Lunn,Robert Morris,D,29,88,0,7,7,0,0,0,0,10,24
George Krotiris,Robert Morris,F,32,95,4,6,10,2,0,0,0,20,18
Tanner Klimpke,Robert Morris,F,26,100,10,13,23,2,1,1,0,6,11
McKay Hayes,Robert Morris,F,33,101,4,6,10,0,1,0,1,11,21
Cameron Garvey,Robert Morris,F,34,138,7,15,22,3,0,0,0,6,24
Walter Zacher,Robert Morris,F,35,203,15,9,24,3,2,0,3,21,46
Luke van Why,Robert Morris,D,31,103,2,12,14,1,0,0,0,12,30
Croix Kochendorfer,Robert Morris,G,23,0,0,1,1,0,0,0,0,2,0
Dominic Elliott,Robert Morris,D,35,123,6,13,19,2,1,0,0,18,40
J.R. Ashmead,Robert Morris,D,33,78,0,2,2,0,0,0,0,14,26
Connor Gourley,Robert Morris,F,23,26,1,0,1,0,0,0,0,20,6
Patrick Johnson,Robert Morris,F,34,70,3,5,8,0,0,0,1,24,11
Braden Rourke,Robert Morris,F,30,102,2,2,4,0,0,0,0,36,23
Trent Wilson,Robert Morris,F,35,98,5,13,18,0,2,0,1,18,20
Michael Felsing,Robert Morris,F,34,66,7,15,22,2,0,0,0,2,20
Tom Gangl,Robert Morris,D,4,6,0,1,1,0,0,0,0,0,2
Dawson Smith,Robert Morris,G,5,0,0,0,0,0,0,0,0,0,0
Thomas Haynes,Robert Morris,D,13,17,0,3,3,0,0,0,0,0,5
Dylan Meilun,Robert Morris,G,12,0,0,0,0,0,0,0,0,0,0
Adam O'Marra,Robert Morris,F,13,31,0,1,1,0,0,0,0,0,8
Eric DeDobbelaer,Robert Morris,F,5,0,0,0,0,0,0,0,0,0,0
Greg Japchen,Robert Morris,D,25,90,1,6,7,0,1,0,0,10,38
Lee Chaing,Robert Morris,F,3,2,0,0,0,0,0,0,0,0,0
Josh Nixon,Union,F,36,123,14,9,23,5,2,0,0,20,18
Cullen Ferguson,Union,D,36,154,4,12,16,0,0,0,0,39,47
Caden Villegas,Union,F,36,117,7,22,29,3,1,0,0,16,30
Josh Phillips,Union,D,18,21,0,1,1,0,0,0,0,2,6
Ethan Benz,Union,F,13,28,1,1,2,0,1,0,0,0,5
Nate Hanley,Union,F,35,139,10,18,28,0,1,0,1,4,30
John Prokop,Union,D,36,191,8,19,27,3,2,0,0,20,54
Nick Young,Union,D,36,105,2,8,10,0,0,0,0,18,32
Brandon Buhr,Union,F,36,141,19,9,28,4,5,0,4,25,23
Parker Lindauer,Union,F,34,92,3,11,14,0,1,1,0,10,12
Kyle Chauvette,Union,G,35,0,0,0,0,0,0,0,0,0,0
Colby MacArthur,Union,F,36,81,7,22,29,5,0,0,0,18,11
DJ Hart,Union,D,32,101,3,5,8,0,0,0,0,33,36
Joseph Messina,Union,D,25,39,1,3,4,0,0,0,0,4,12
David CÃ´tÃ©,Union,D,10,6,0,0,0,0,0,0,0,2,3
Lucas Buzziol,Union,F,29,65,5,8,13,0,1,0,0,14,12
Ben Muthersbaugh,Union,F,36,206,13,15,28,5,2,0,0,31,45
Drew Sutton,Union,F,35,46,3,3,6,2,1,0,0,2,9
Riley Brueck,Union,F,33,48,3,7,10,0,0,0,0,6,8
Connor Smith,Union,F,22,27,1,0,1,0,0,0,0,6,7
Cal Mell,Union,D,24,16,0,1,1,0,0,0,0,6,7
Brendan Miles,Union,D,29,56,0,7,7,0,0,0,0,10,13
Jacob Jeannette,Union,F,29,50,2,3,5,0,1,0,1,12,9
Carter Korpi,Union,F,18,49,6,2,8,0,1,2,2,8,10
Joe Sharib,Union,G,3,0,0,0,0,0,0,0,0,0,0
Lucas Massie,Union,G,2,0,0,0,0,0,0,0,0,0,0
Thomas Richter,Union,F,7,2,0,1,1,0,0,0,0,0,0
Lukas Sillinger,Arizona State,F,34,91,8,29,37,1,0,0,0,12,18
Artem Shlaine,Arizona State,F,30,107,16,21,37,3,2,2,1,16,14
Noah Beck,Arizona State,D,36,146,5,27,32,4,0,0,0,28,47
Ty Jackson,Arizona State,F,34,89,8,16,24,3,2,0,0,18,13
Luke Pavicich,Arizona State,G,22,0,0,0,0,0,0,0,0,0,0
Ty Murchison,Arizona State,D,36,84,0,4,4,0,0,0,0,48,30
Ethan Szmagaj,Arizona State,D,27,28,1,4,5,0,1,1,0,0,4
Ryan Kirwan,Arizona State,F,36,262,25,13,38,7,5,0,2,6,37
Tucker Ness,Arizona State,D,19,23,0,2,2,0,0,0,0,6,6
Ryan Alexander,Arizona State,F,30,64,3,5,8,0,0,0,0,6,14
Cruz Lucius,Arizona State,F,18,68,2,8,10,1,0,0,0,14,13
Bennett Schimek,Arizona State,F,34,133,15,22,37,3,2,3,1,4,23
Kyle Smolen,Arizona State,F,35,102,12,18,30,5,1,1,1,22,14
Cole Gordon,Arizona State,F,33,30,3,2,5,0,0,0,0,2,1
Tony Achille,Arizona State,F,15,12,0,0,0,0,0,0,0,2,2
Anthony  Dowd,Arizona State,D,36,78,2,11,13,1,1,0,0,10,30
Joel Kjellberg,Arizona State,D,32,57,0,10,10,0,0,0,0,12,20
Cullen Potter,Arizona State,F,34,218,13,9,22,2,1,0,0,6,47
Sam Court,Arizona State,D,35,110,3,8,11,1,1,0,1,14,28
Brasen Boser,Arizona State,D,36,106,2,5,7,0,1,0,0,8,25
Charlie Schoen,Arizona State,F,16,48,4,5,9,0,0,0,0,4,10
David Hymovitch,Arizona State,F,21,23,2,3,5,0,1,0,0,0,3
Gibson Homer,Arizona State,G,16,1,0,0,0,0,0,0,0,0,0
Benji Eckerle,Arizona State,F,24,42,3,4,7,0,1,0,1,12,5
Dylan Jackson,Arizona State,F,24,75,7,9,16,0,2,0,0,10,18
Cole Helm,Arizona State,F,3,2,0,1,1,0,0,0,0,2,1
Brady Ziemer,Augustana,D,35,72,0,4,4,0,0,0,0,16,20
Luke Mobley,Augustana,F,34,117,13,7,20,5,2,1,1,14,22
Evan McIntyre,Augustana,D,35,86,1,10,11,0,0,0,0,24,28
Payton Matsui,Augustana,F,34,134,8,13,21,0,2,0,2,2,26
Simon Falk,Augustana,F,31,64,5,11,16,0,0,0,0,2,6
Quinn Rudrud,Augustana,F,31,86,6,3,9,0,1,0,0,27,14
Colton Friesen,Augustana,F,32,77,7,10,17,1,0,0,0,6,18
Owen Baumgartner,Augustana,D,21,106,2,9,11,0,1,0,0,21,36
Hayden Hennen,Augustana,D,34,131,3,12,15,2,2,0,0,29,32
Hunter Bischoff,Augustana,F,35,117,10,13,23,1,1,0,1,14,14
Will Howard,Augustana,F,18,40,1,2,3,0,0,0,0,6,7
Will Svenddal,Augustana,D,33,38,1,7,8,0,0,0,0,8,16
Josh Kotai,Augustana,G,31,0,0,1,1,0,0,0,0,2,0
Brett Meerman,Augustana,F,35,128,7,16,23,2,0,0,1,2,14
Jeff Hutchinson,Augustana,D,22,37,0,0,0,0,0,0,0,6,15
Easton Young,Augustana,D,33,85,3,10,13,0,1,0,1,25,26
Joey DelGreco,Augustana,F,35,97,7,8,15,4,2,1,0,20,18
Tyler Hennen,Augustana,F,28,71,6,7,13,1,1,0,0,21,8
Garett Drotts,Augustana,F,20,20,1,6,7,0,1,0,0,8,0
Nace Langus,Augustana,F,29,69,6,10,16,2,3,0,0,8,8
Uula Ruikka,Augustana,D,24,116,2,6,8,0,0,0,0,12,37
Callum Gau,Augustana,F,23,37,1,1,2,0,1,0,0,19,5
Christian Manz,Augustana,G,5,0,0,0,0,0,0,0,0,0,0
Owen  Bohn,Augustana,F,23,65,6,6,12,0,0,0,1,8,11
Ben Troumbly,Augustana,F,11,15,1,1,2,0,0,0,0,2,1
Carter Theissen,Augustana,D,6,6,0,0,0,0,0,0,0,0,2
Timmy Delay,Boston College,F,1,0,0,0,0,0,0,0,0,0,0
Max Lacroix,Boston University,G,4,0,0,0,0,0,0,0,0,0,0
Jack Gorton,Boston University,F,3,0,0,0,0,0,0,0,0,0,0
Parker Murray,Cornell,F,3,2,0,0,0,0,0,0,0,2,0
Remington Keopple,Cornell,G,5,0,0,1,1,0,0,0,0,0,0
Marian Mosko,Cornell,D,2,1,0,0,0,0,0,0,0,0,0
Austin Salani,Dartmouth,F,1,0,0,0,0,0,0,0,0,2,0
Jordan Hughesman,Merrimack,F,2,0,0,0,0,0,0,0,0,0,0
Zach Hahn,New Hampshire,D,1,0,0,0,0,0,0,0,0,0,0
Jason Marsella,Yale,D,2,3,0,0,0,0,0,0,0,0,1
James Norton,Massachusetts,G,1,0,0,0,0,0,0,0,0,0,0
Hunter McCurdy,AIC,D,1,1,0,0,0,0,0,0,0,0,1
Malachi Klassen,Holy Cross,G,1,0,0,0,0,0,0,0,0,0,0
Anton Castro,Wisconsin,G,1,0,0,0,0,0,0,0,0,0,0
Alec Whipple,Denver,D,4,1,0,0,0,0,0,0,0,0,1
Brian Silver,Miami,F,1,0,0,0,0,0,0,0,0,15,0
Ocean Wallace,St. Cloud State,F,2,2,0,0,0,0,0,0,0,4,1
Ean Somoza,Western Michigan,F,1,1,0,0,0,0,0,0,0,0,0
Zach Bade,Western Michigan,F,2,1,0,0,0,0,0,0,0,2,0
Daniel Duris,LIU,G,4,0,0,0,0,0,0,0,0,0,0
Aaron Grounds,LIU,F,1,0,0,0,0,0,0,0,0,0,0
Xan Gurney,LIU,D,2,4,0,0,0,0,0,0,0,15,0
Grant Riley,Lake Superior,G,1,0,0,0,0,0,0,0,0,0,0
Tyler Bute,Lake Superior,G,1,0,0,0,0,0,0,0,0,0,0
Nick O'Hanisain,Bowling Green,D,3,1,0,0,0,0,0,0,0,0,0
Trent Wiemken,Bemidji State,G,1,0,0,0,0,0,0,0,0,0,0
Martin LundbergÂ ,Ferris State,G,3,0,0,0,0,0,0,0,0,0,0
Oliver Bezick,Michigan Tech,D,3,0,0,0,0,0,0,0,0,0,0
Bryce Monrean,Alaska,F,4,5,0,0,0,0,0,0,0,6,1
Tyler Waram,Alaska,D,1,2,0,0,0,0,0,0,0,0,1
Jase Sofo,St. Thomas,D,2,1,0,0,0,0,0,0,0,4,0
Adam Raesler,Lindenwood,F,7,10,0,0,0,0,0,0,0,4,2
Alexandros Aslanidis,Lindenwood,G,1,0,0,0,0,0,0,0,0,0,0
Jake LaRusso,Stonehill,F,1,0,0,0,0,0,0,0,0,0,0